country_region_code,country_region,sub_region_1,sub_region_2,metro_area,iso_3166_2_code,census_fips_code,place_id,date,retail_and_recreation_percent_change_from_baseline,grocery_and_pharmacy_percent_change_from_baseline,parks_percent_change_from_baseline,transit_stations_percent_change_from_baseline,workplaces_percent_change_from_baseline,residential_percent_change_from_baseline
GE,Georgia,,,,,,ChIJa2JP5tcMREARwkotEmR5kE8,2021-01-01,-68,-45,-6,-44,-75,17
GE,Georgia,,,,,,ChIJa2JP5tcMREARwkotEmR5kE8,2021-01-02,-54,-29,0,-39,-55,10
GE,Georgia,,,,,,ChIJa2JP5tcMREARwkotEmR5kE8,2021-01-03,-56,-23,9,-36,-35,6
GE,Georgia,,,,,,ChIJa2JP5tcMREARwkotEmR5kE8,2021-01-04,-53,-24,-6,-40,-53,15
GE,Georgia,,,,,,ChIJa2JP5tcMREARwkotEmR5kE8,2021-01-05,-49,-17,-5,-38,-50,13
GE,Georgia,,,,,,ChIJa2JP5tcMREARwkotEmR5kE8,2021-01-06,-45,-1,6,-25,-47,9
GE,Georgia,,,,,,ChIJa2JP5tcMREARwkotEmR5kE8,2021-01-07,-59,-26,-3,-42,-68,16
GE,Georgia,,,,,,ChIJa2JP5tcMREARwkotEmR5kE8,2021-01-08,-50,-13,-8,-35,-44,12
GE,Georgia,,,,,,ChIJa2JP5tcMREARwkotEmR5kE8,2021-01-09,-48,-11,-2,-30,-24,6
GE,Georgia,,,,,,ChIJa2JP5tcMREARwkotEmR5kE8,2021-01-10,-47,-6,1,-27,-16,4
GE,Georgia,,,,,,ChIJa2JP5tcMREARwkotEmR5kE8,2021-01-11,-50,-15,-26,-35,-41,12
GE,Georgia,,,,,,ChIJa2JP5tcMREARwkotEmR5kE8,2021-01-12,-48,-9,-25,-33,-42,10
GE,Georgia,,,,,,ChIJa2JP5tcMREARwkotEmR5kE8,2021-01-13,-48,-1,-18,-33,-42,8
GE,Georgia,,,,,,ChIJa2JP5tcMREARwkotEmR5kE8,2021-01-14,-57,-23,-23,-42,-51,8
GE,Georgia,,,,,,ChIJa2JP5tcMREARwkotEmR5kE8,2021-01-15,-55,-20,-30,-42,-43,9
GE,Georgia,,,,,,ChIJa2JP5tcMREARwkotEmR5kE8,2021-01-16,-53,-19,-28,-37,-28,5
GE,Georgia,,,,,,ChIJa2JP5tcMREARwkotEmR5kE8,2021-01-17,-51,-14,-18,-32,-24,3
GE,Georgia,,,,,,ChIJa2JP5tcMREARwkotEmR5kE8,2021-01-18,-53,-20,-33,-38,-42,9
GE,Georgia,,,,,,ChIJa2JP5tcMREARwkotEmR5kE8,2021-01-19,-53,-19,-30,-40,-59,12
GE,Georgia,,,,,,ChIJa2JP5tcMREARwkotEmR5kE8,2021-01-20,-54,-18,-29,-37,-40,9
GE,Georgia,,,,,,ChIJa2JP5tcMREARwkotEmR5kE8,2021-01-21,-51,-16,-28,-38,-41,10
GE,Georgia,,,,,,ChIJa2JP5tcMREARwkotEmR5kE8,2021-01-22,-48,-9,-22,-33,-34,9
GE,Georgia,,,,,,ChIJa2JP5tcMREARwkotEmR5kE8,2021-01-23,-47,-9,-15,-29,-23,5
GE,Georgia,,,,,,ChIJa2JP5tcMREARwkotEmR5kE8,2021-01-24,-47,-7,-9,-27,-18,3
GE,Georgia,,,,,,ChIJa2JP5tcMREARwkotEmR5kE8,2021-01-25,-47,-12,-21,-33,-37,9
GE,Georgia,,,,,,ChIJa2JP5tcMREARwkotEmR5kE8,2021-01-26,-45,-11,-21,-32,-37,7
GE,Georgia,,,,,,ChIJa2JP5tcMREARwkotEmR5kE8,2021-01-27,-48,-9,-18,-31,-36,8
GE,Georgia,,,,,,ChIJa2JP5tcMREARwkotEmR5kE8,2021-01-28,-46,-8,-20,-34,-37,9
GE,Georgia,,,,,,ChIJa2JP5tcMREARwkotEmR5kE8,2021-01-29,-47,-4,-23,-32,-30,8
GE,Georgia,,,,,,ChIJa2JP5tcMREARwkotEmR5kE8,2021-01-30,-46,-4,-16,-31,-20,4
GE,Georgia,,,,,,ChIJa2JP5tcMREARwkotEmR5kE8,2021-01-31,-45,0,-11,-30,-15,2
GE,Georgia,,,,,,ChIJa2JP5tcMREARwkotEmR5kE8,2021-02-01,-35,-2,-16,-29,-33,6
GE,Georgia,,,,,,ChIJa2JP5tcMREARwkotEmR5kE8,2021-02-02,-32,1,-14,-27,-33,4
GE,Georgia,,,,,,ChIJa2JP5tcMREARwkotEmR5kE8,2021-02-03,-39,-3,-12,-30,-32,5
GE,Georgia,,,,,,ChIJa2JP5tcMREARwkotEmR5kE8,2021-02-04,-37,-3,-10,-32,-34,6
GE,Georgia,,,,,,ChIJa2JP5tcMREARwkotEmR5kE8,2021-02-05,-42,-4,-26,-35,-29,7
GE,Georgia,,,,,,ChIJa2JP5tcMREARwkotEmR5kE8,2021-02-06,-45,-6,-12,-32,-20,4
GE,Georgia,,,,,,ChIJa2JP5tcMREARwkotEmR5kE8,2021-02-07,-50,-10,-15,-35,-20,3
GE,Georgia,,,,,,ChIJa2JP5tcMREARwkotEmR5kE8,2021-02-08,-33,-4,-15,-18,-31,5
GE,Georgia,,,,,,ChIJa2JP5tcMREARwkotEmR5kE8,2021-02-09,-31,0,-19,-18,-30,5
GE,Georgia,,,,,,ChIJa2JP5tcMREARwkotEmR5kE8,2021-02-10,-33,2,-10,-16,-28,4
GE,Georgia,,,,,,ChIJa2JP5tcMREARwkotEmR5kE8,2021-02-11,-28,4,-8,-16,-30,4
GE,Georgia,,,,,,ChIJa2JP5tcMREARwkotEmR5kE8,2021-02-12,-28,7,-10,-13,-23,3
GE,Georgia,,,,,,ChIJa2JP5tcMREARwkotEmR5kE8,2021-02-13,-46,-6,-23,-35,-23,3
GE,Georgia,,,,,,ChIJa2JP5tcMREARwkotEmR5kE8,2021-02-14,-42,2,-4,-28,-18,1
GE,Georgia,,,,,,ChIJa2JP5tcMREARwkotEmR5kE8,2021-02-15,-29,1,-21,-12,-28,2
GE,Georgia,,,,,,ChIJa2JP5tcMREARwkotEmR5kE8,2021-02-16,-35,-4,-34,-20,-29,3
GE,Georgia,,,,,,ChIJa2JP5tcMREARwkotEmR5kE8,2021-02-17,-42,-6,-30,-22,-30,5
GE,Georgia,,,,,,ChIJa2JP5tcMREARwkotEmR5kE8,2021-02-18,-37,-3,-31,-21,-30,6
GE,Georgia,,,,,,ChIJa2JP5tcMREARwkotEmR5kE8,2021-02-19,-32,6,-27,-15,-21,5
GE,Georgia,,,,,,ChIJa2JP5tcMREARwkotEmR5kE8,2021-02-20,-48,-6,-26,-35,-21,5
GE,Georgia,,,,,,ChIJa2JP5tcMREARwkotEmR5kE8,2021-02-21,-47,-4,-13,-32,-19,3
GE,Georgia,,,,,,ChIJa2JP5tcMREARwkotEmR5kE8,2021-02-22,-27,2,-24,-14,-26,3
GE,Georgia,,,,,,ChIJa2JP5tcMREARwkotEmR5kE8,2021-02-23,-31,-1,-30,-18,-27,4
GE,Georgia,,,,,,ChIJa2JP5tcMREARwkotEmR5kE8,2021-02-24,-38,-3,-28,-20,-25,4
GE,Georgia,,,,,,ChIJa2JP5tcMREARwkotEmR5kE8,2021-02-25,-32,4,-26,-18,-27,5
GE,Georgia,,,,,,ChIJa2JP5tcMREARwkotEmR5kE8,2021-02-26,-26,11,-19,-8,-17,3
GE,Georgia,,,,,,ChIJa2JP5tcMREARwkotEmR5kE8,2021-02-27,-35,7,-5,-15,-15,1
GE,Georgia,,,,,,ChIJa2JP5tcMREARwkotEmR5kE8,2021-02-28,-38,8,-5,-14,-13,1
GE,Georgia,,,,,,ChIJa2JP5tcMREARwkotEmR5kE8,2021-03-01,-24,7,-22,-7,-23,2
GE,Georgia,,,,,,ChIJa2JP5tcMREARwkotEmR5kE8,2021-03-02,-19,14,-16,-3,-22,0
GE,Georgia,,,,,,ChIJa2JP5tcMREARwkotEmR5kE8,2021-03-03,-20,16,-20,-6,-46,7
GE,Georgia,,,,,,ChIJa2JP5tcMREARwkotEmR5kE8,2021-03-04,-23,13,-14,-7,-23,2
GE,Georgia,,,,,,ChIJa2JP5tcMREARwkotEmR5kE8,2021-03-05,-21,20,-10,-2,-15,1
GE,Georgia,,,,,,ChIJa2JP5tcMREARwkotEmR5kE8,2021-03-06,-32,9,8,-9,-16,-1
GE,Georgia,,,,,,ChIJa2JP5tcMREARwkotEmR5kE8,2021-03-07,-41,3,-11,-16,-17,0
GE,Georgia,,,,,,ChIJa2JP5tcMREARwkotEmR5kE8,2021-03-08,-20,7,-26,-18,-53,8
GE,Georgia,,,,,,ChIJa2JP5tcMREARwkotEmR5kE8,2021-03-09,-22,7,-20,-9,-26,1
GE,Georgia,,,,,,ChIJa2JP5tcMREARwkotEmR5kE8,2021-03-10,-24,10,-14,-5,-24,2
GE,Georgia,,,,,,ChIJa2JP5tcMREARwkotEmR5kE8,2021-03-11,-28,4,-28,-14,-27,4
GE,Georgia,,,,,,ChIJa2JP5tcMREARwkotEmR5kE8,2021-03-12,-32,6,-30,-12,-21,5
GE,Georgia,,,,,,ChIJa2JP5tcMREARwkotEmR5kE8,2021-03-13,-26,9,-15,-8,-10,1
GE,Georgia,,,,,,ChIJa2JP5tcMREARwkotEmR5kE8,2021-03-14,-23,14,-2,-3,-7,-1
GE,Georgia,,,,,,ChIJa2JP5tcMREARwkotEmR5kE8,2021-03-15,-26,4,-22,-8,-18,2
GE,Georgia,,,,,,ChIJa2JP5tcMREARwkotEmR5kE8,2021-03-16,-23,10,-19,-4,-18,1
GE,Georgia,,,,,,ChIJa2JP5tcMREARwkotEmR5kE8,2021-03-17,-24,10,-11,-1,-16,1
GE,Georgia,,,,,,ChIJa2JP5tcMREARwkotEmR5kE8,2021-03-18,-25,9,-21,-8,-19,2
GE,Georgia,,,,,,ChIJa2JP5tcMREARwkotEmR5kE8,2021-03-19,-26,11,-20,-3,-10,2
GE,Georgia,,,,,,ChIJa2JP5tcMREARwkotEmR5kE8,2021-03-20,-24,13,-11,-4,-9,0
GE,Georgia,,,,,,ChIJa2JP5tcMREARwkotEmR5kE8,2021-03-21,-27,11,-15,-6,-8,0
GE,Georgia,,,,,,ChIJa2JP5tcMREARwkotEmR5kE8,2021-03-22,-26,4,-22,-6,-17,2
GE,Georgia,,,,,,ChIJa2JP5tcMREARwkotEmR5kE8,2021-03-23,-23,9,-21,-4,-16,1
GE,Georgia,,,,,,ChIJa2JP5tcMREARwkotEmR5kE8,2021-03-24,-29,6,-25,-6,-17,2
GE,Georgia,,,,,,ChIJa2JP5tcMREARwkotEmR5kE8,2021-03-25,-23,12,-21,-5,-19,2
GE,Georgia,,,,,,ChIJa2JP5tcMREARwkotEmR5kE8,2021-03-26,-20,18,-12,2,-8,1
GE,Georgia,,,,,,ChIJa2JP5tcMREARwkotEmR5kE8,2021-03-27,-28,7,-21,-8,-10,1
GE,Georgia,,,,,,ChIJa2JP5tcMREARwkotEmR5kE8,2021-03-28,-17,16,0,3,-6,-1
GE,Georgia,,,,,,ChIJa2JP5tcMREARwkotEmR5kE8,2021-03-29,-20,9,-8,0,-15,0
GE,Georgia,,,,,,ChIJa2JP5tcMREARwkotEmR5kE8,2021-03-30,-19,13,-11,-1,-15,0
GE,Georgia,,,,,,ChIJa2JP5tcMREARwkotEmR5kE8,2021-03-31,-21,14,-10,0,-15,1
GE,Georgia,,,,,,ChIJa2JP5tcMREARwkotEmR5kE8,2021-04-01,-16,17,-10,1,-15,1
GE,Georgia,,,,,,ChIJa2JP5tcMREARwkotEmR5kE8,2021-04-02,-17,20,-12,3,-8,1
GE,Georgia,,,,,,ChIJa2JP5tcMREARwkotEmR5kE8,2021-04-03,-17,18,-1,2,-8,-1
GE,Georgia,,,,,,ChIJa2JP5tcMREARwkotEmR5kE8,2021-04-04,-13,22,21,7,-5,-3
GE,Georgia,,,,,,ChIJa2JP5tcMREARwkotEmR5kE8,2021-04-05,-18,11,-11,1,-14,0
GE,Georgia,,,,,,ChIJa2JP5tcMREARwkotEmR5kE8,2021-04-06,-17,15,-18,0,-14,0
GE,Georgia,,,,,,ChIJa2JP5tcMREARwkotEmR5kE8,2021-04-07,-17,19,0,4,-15,0
GE,Georgia,,,,,,ChIJa2JP5tcMREARwkotEmR5kE8,2021-04-08,-11,20,9,6,-15,-2
GE,Georgia,,,,,,ChIJa2JP5tcMREARwkotEmR5kE8,2021-04-09,-16,15,-3,-4,-40,5
GE,Georgia,,,,,,ChIJa2JP5tcMREARwkotEmR5kE8,2021-04-10,-23,11,-6,-5,-10,0
GE,Georgia,,,,,,ChIJa2JP5tcMREARwkotEmR5kE8,2021-04-11,-24,13,-7,-4,-8,-1
GE,Georgia,,,,,,ChIJa2JP5tcMREARwkotEmR5kE8,2021-04-12,-17,12,-7,2,-12,0
GE,Georgia,,,,,,ChIJa2JP5tcMREARwkotEmR5kE8,2021-04-13,-22,11,-18,-4,-14,1
GE,Georgia,,,,,,ChIJa2JP5tcMREARwkotEmR5kE8,2021-04-14,-18,17,-2,3,-14,1
GE,Georgia,,,,,,ChIJa2JP5tcMREARwkotEmR5kE8,2021-04-15,-11,21,10,5,-13,0
GE,Georgia,,,,,,ChIJa2JP5tcMREARwkotEmR5kE8,2021-04-16,-15,21,9,6,-5,0
GE,Georgia,,,,,,ChIJa2JP5tcMREARwkotEmR5kE8,2021-04-17,-17,18,12,3,-6,-2
GE,Georgia,,,,,,ChIJa2JP5tcMREARwkotEmR5kE8,2021-04-18,-15,22,21,6,-3,-3
GE,Georgia,,,,,,ChIJa2JP5tcMREARwkotEmR5kE8,2021-04-19,-16,14,1,1,-12,1
GE,Georgia,,,,,,ChIJa2JP5tcMREARwkotEmR5kE8,2021-04-20,-16,18,-4,2,-13,0
GE,Georgia,,,,,,ChIJa2JP5tcMREARwkotEmR5kE8,2021-04-21,-23,15,-10,-3,-13,2
GE,Georgia,,,,,,ChIJa2JP5tcMREARwkotEmR5kE8,2021-04-22,-17,18,-5,-3,-14,2
GE,Georgia,,,,,,ChIJa2JP5tcMREARwkotEmR5kE8,2021-04-23,-13,27,11,-18,-5,0
GE,Georgia,,,,,,ChIJa2JP5tcMREARwkotEmR5kE8,2021-04-24,-14,24,20,-18,-3,-2
GE,Georgia,,,,,,ChIJa2JP5tcMREARwkotEmR5kE8,2021-04-25,-12,30,36,-12,-3,-4
GE,Georgia,,,,,,ChIJa2JP5tcMREARwkotEmR5kE8,2021-04-26,-19,12,-11,-27,-14,2
GE,Georgia,,,,,,ChIJa2JP5tcMREARwkotEmR5kE8,2021-04-27,-15,19,-9,-24,-14,1
GE,Georgia,,,,,,ChIJa2JP5tcMREARwkotEmR5kE8,2021-04-28,-5,34,18,-8,-13,-1
GE,Georgia,,,,,,ChIJa2JP5tcMREARwkotEmR5kE8,2021-04-29,1,45,16,-7,-18,-2
GE,Georgia,,,,,,ChIJa2JP5tcMREARwkotEmR5kE8,2021-04-30,-5,49,24,-14,-46,4
GE,Georgia,,,,,,ChIJa2JP5tcMREARwkotEmR5kE8,2021-05-01,-14,37,35,-19,-28,-3
GE,Georgia,,,,,,ChIJa2JP5tcMREARwkotEmR5kE8,2021-05-02,-47,-12,38,-38,-43,-1
GE,Georgia,,,,,,ChIJa2JP5tcMREARwkotEmR5kE8,2021-05-03,-42,-13,31,-49,-72,6
GE,Georgia,,,,,,ChIJa2JP5tcMREARwkotEmR5kE8,2021-05-04,-21,12,9,-35,-40,1
GE,Georgia,,,,,,ChIJa2JP5tcMREARwkotEmR5kE8,2021-05-05,-20,18,12,-32,-35,3
GE,Georgia,,,,,,ChIJa2JP5tcMREARwkotEmR5kE8,2021-05-06,-14,22,23,-29,-35,2
GE,Georgia,,,,,,ChIJa2JP5tcMREARwkotEmR5kE8,2021-05-07,-15,22,23,-28,-26,2
GE,Georgia,,,,,,ChIJa2JP5tcMREARwkotEmR5kE8,2021-05-08,-16,22,35,-26,-9,-3
GE,Georgia,,,,,,ChIJa2JP5tcMREARwkotEmR5kE8,2021-05-09,-28,9,4,-33,-11,-2
GE,Georgia,,,,,,ChIJa2JP5tcMREARwkotEmR5kE8,2021-05-10,-18,15,1,-33,-31,3
GE,Georgia,,,,,,ChIJa2JP5tcMREARwkotEmR5kE8,2021-05-11,-11,23,12,-26,-28,1
GE,Georgia,,,,,,ChIJa2JP5tcMREARwkotEmR5kE8,2021-05-12,-9,25,26,-23,-42,3
GE,Georgia,,,,,,ChIJa2JP5tcMREARwkotEmR5kE8,2021-05-13,0,30,28,-9,-16,-1
GE,Georgia,,,,,,ChIJa2JP5tcMREARwkotEmR5kE8,2021-05-14,-2,35,26,-7,-8,-1
GE,Georgia,,,,,,ChIJa2JP5tcMREARwkotEmR5kE8,2021-05-15,-3,33,33,-8,-4,-3
GE,Georgia,,,,,,ChIJa2JP5tcMREARwkotEmR5kE8,2021-05-16,0,37,41,-2,0,-5
GE,Georgia,,,,,,ChIJa2JP5tcMREARwkotEmR5kE8,2021-05-17,0,27,15,-8,-9,-2
GE,Georgia,,,,,,ChIJa2JP5tcMREARwkotEmR5kE8,2021-05-18,8,36,27,-4,-9,-3
GE,Georgia,,,,,,ChIJa2JP5tcMREARwkotEmR5kE8,2021-05-19,1,33,23,-7,-9,-2
GE,Georgia,,,,,,ChIJa2JP5tcMREARwkotEmR5kE8,2021-05-20,10,41,38,-6,-9,-3
GE,Georgia,,,,,,ChIJa2JP5tcMREARwkotEmR5kE8,2021-05-21,5,41,33,-1,0,-3
GE,Georgia,,,,,,ChIJa2JP5tcMREARwkotEmR5kE8,2021-05-22,1,33,30,-4,1,-4
GE,Georgia,,,,,,ChIJa2JP5tcMREARwkotEmR5kE8,2021-05-23,4,37,34,0,3,-5
GE,Georgia,,,,,,ChIJa2JP5tcMREARwkotEmR5kE8,2021-05-24,5,30,23,-6,-9,-2
GE,Georgia,,,,,,ChIJa2JP5tcMREARwkotEmR5kE8,2021-05-25,7,34,19,-5,-8,-3
GE,Georgia,,,,,,ChIJa2JP5tcMREARwkotEmR5kE8,2021-05-26,7,32,37,-9,-41,3
GE,Georgia,,,,,,ChIJa2JP5tcMREARwkotEmR5kE8,2021-05-27,11,40,39,-1,-8,-3
GE,Georgia,,,,,,ChIJa2JP5tcMREARwkotEmR5kE8,2021-05-28,8,43,36,0,2,-3
GE,Georgia,,,,,,ChIJa2JP5tcMREARwkotEmR5kE8,2021-05-29,9,39,42,2,5,-5
GE,Georgia,,,,,,ChIJa2JP5tcMREARwkotEmR5kE8,2021-05-30,11,41,48,5,7,-6
GE,Georgia,,,,,,ChIJa2JP5tcMREARwkotEmR5kE8,2021-05-31,9,34,32,-2,-6,-3
GE,Georgia,,,,,,ChIJa2JP5tcMREARwkotEmR5kE8,2021-06-01,24,45,46,4,-7,-4
GE,Georgia,,,,,,ChIJa2JP5tcMREARwkotEmR5kE8,2021-06-02,9,39,36,1,-7,-3
GE,Georgia,,,,,,ChIJa2JP5tcMREARwkotEmR5kE8,2021-06-03,17,45,46,2,-8,-3
GE,Georgia,,,,,,ChIJa2JP5tcMREARwkotEmR5kE8,2021-06-04,10,43,37,2,2,-3
GE,Georgia,,,,,,ChIJa2JP5tcMREARwkotEmR5kE8,2021-06-05,13,40,45,2,3,-4
GE,Georgia,,,,,,ChIJa2JP5tcMREARwkotEmR5kE8,2021-06-06,12,40,47,5,5,-5
GE,Georgia,,,,,,ChIJa2JP5tcMREARwkotEmR5kE8,2021-06-07,16,39,47,3,-6,-3
GE,Georgia,,,,,,ChIJa2JP5tcMREARwkotEmR5kE8,2021-06-08,18,43,52,5,-6,-4
GE,Georgia,,,,,,ChIJa2JP5tcMREARwkotEmR5kE8,2021-06-09,9,36,43,0,-7,-2
GE,Georgia,,,,,,ChIJa2JP5tcMREARwkotEmR5kE8,2021-06-10,19,46,55,5,-7,-3
GE,Georgia,,,,,,ChIJa2JP5tcMREARwkotEmR5kE8,2021-06-11,16,48,55,7,1,-4
GE,Georgia,,,,,,ChIJa2JP5tcMREARwkotEmR5kE8,2021-06-12,14,38,59,4,2,-6
GE,Georgia,,,,,,ChIJa2JP5tcMREARwkotEmR5kE8,2021-06-13,14,41,62,7,4,-6
GE,Georgia,,,,,,ChIJa2JP5tcMREARwkotEmR5kE8,2021-06-14,14,35,53,1,-10,-5
GE,Georgia,,,,,,ChIJa2JP5tcMREARwkotEmR5kE8,2021-06-15,17,40,58,3,-10,-5
GE,Georgia,,,,,,ChIJa2JP5tcMREARwkotEmR5kE8,2021-06-16,12,37,59,3,-13,-4
GE,Georgia,,,,,,ChIJa2JP5tcMREARwkotEmR5kE8,2021-06-17,15,37,54,0,-16,-4
GE,Georgia,,,,,,ChIJa2JP5tcMREARwkotEmR5kE8,2021-06-18,14,42,60,2,-7,-5
GE,Georgia,,,,,,ChIJa2JP5tcMREARwkotEmR5kE8,2021-06-19,10,31,66,-1,-2,-7
GE,Georgia,,,,,,ChIJa2JP5tcMREARwkotEmR5kE8,2021-06-20,13,34,81,5,0,-9
GE,Georgia,,,,,,ChIJa2JP5tcMREARwkotEmR5kE8,2021-06-21,12,33,59,-2,-16,-4
GE,Georgia,,,,,,ChIJa2JP5tcMREARwkotEmR5kE8,2021-06-22,18,38,58,2,-16,-5
GE,Georgia,,,,,,ChIJa2JP5tcMREARwkotEmR5kE8,2021-06-23,12,35,65,1,-16,-4
GE,Georgia,,,,,,ChIJa2JP5tcMREARwkotEmR5kE8,2021-06-24,19,40,66,2,-16,-4
GE,Georgia,,,Tbilisi Metropolitan Area,,,ChIJp3PBzzQMREARiY2UO_1wMlc,2021-01-01,-74,-49,-41,-44,-79,22
GE,Georgia,,,Tbilisi Metropolitan Area,,,ChIJp3PBzzQMREARiY2UO_1wMlc,2021-01-02,-62,-35,-32,-40,-58,12
GE,Georgia,,,Tbilisi Metropolitan Area,,,ChIJp3PBzzQMREARiY2UO_1wMlc,2021-01-03,-68,-35,-25,-39,-38,8
GE,Georgia,,,Tbilisi Metropolitan Area,,,ChIJp3PBzzQMREARiY2UO_1wMlc,2021-01-04,-65,-35,-45,-45,-56,19
GE,Georgia,,,Tbilisi Metropolitan Area,,,ChIJp3PBzzQMREARiY2UO_1wMlc,2021-01-05,-61,-27,-38,-42,-54,19
GE,Georgia,,,Tbilisi Metropolitan Area,,,ChIJp3PBzzQMREARiY2UO_1wMlc,2021-01-06,-55,-14,-22,-27,-52,13
GE,Georgia,,,Tbilisi Metropolitan Area,,,ChIJp3PBzzQMREARiY2UO_1wMlc,2021-01-07,-70,-36,-36,-45,-73,22
GE,Georgia,,,Tbilisi Metropolitan Area,,,ChIJp3PBzzQMREARiY2UO_1wMlc,2021-01-08,-62,-24,-39,-37,-50,18
GE,Georgia,,,Tbilisi Metropolitan Area,,,ChIJp3PBzzQMREARiY2UO_1wMlc,2021-01-09,-58,-22,-16,-30,-26,9
GE,Georgia,,,Tbilisi Metropolitan Area,,,ChIJp3PBzzQMREARiY2UO_1wMlc,2021-01-10,-57,-17,-5,-26,-16,6
GE,Georgia,,,Tbilisi Metropolitan Area,,,ChIJp3PBzzQMREARiY2UO_1wMlc,2021-01-11,-58,-23,-39,-35,-44,16
GE,Georgia,,,Tbilisi Metropolitan Area,,,ChIJp3PBzzQMREARiY2UO_1wMlc,2021-01-12,-57,-19,-37,-34,-45,16
GE,Georgia,,,Tbilisi Metropolitan Area,,,ChIJp3PBzzQMREARiY2UO_1wMlc,2021-01-13,-58,-14,-36,-32,-47,13
GE,Georgia,,,Tbilisi Metropolitan Area,,,ChIJp3PBzzQMREARiY2UO_1wMlc,2021-01-14,-63,-29,-33,-42,-52,13
GE,Georgia,,,Tbilisi Metropolitan Area,,,ChIJp3PBzzQMREARiY2UO_1wMlc,2021-01-15,-62,-26,-45,-41,-46,14
GE,Georgia,,,Tbilisi Metropolitan Area,,,ChIJp3PBzzQMREARiY2UO_1wMlc,2021-01-16,-60,-27,-38,-35,-29,8
GE,Georgia,,,Tbilisi Metropolitan Area,,,ChIJp3PBzzQMREARiY2UO_1wMlc,2021-01-17,-58,-21,-19,-30,-23,5
GE,Georgia,,,Tbilisi Metropolitan Area,,,ChIJp3PBzzQMREARiY2UO_1wMlc,2021-01-18,-60,-27,-46,-38,-44,13
GE,Georgia,,,Tbilisi Metropolitan Area,,,ChIJp3PBzzQMREARiY2UO_1wMlc,2021-01-19,-60,-24,-39,-39,-63,18
GE,Georgia,,,Tbilisi Metropolitan Area,,,ChIJp3PBzzQMREARiY2UO_1wMlc,2021-01-20,-59,-24,-41,-35,-43,13
GE,Georgia,,,Tbilisi Metropolitan Area,,,ChIJp3PBzzQMREARiY2UO_1wMlc,2021-01-21,-58,-23,-42,-38,-43,15
GE,Georgia,,,Tbilisi Metropolitan Area,,,ChIJp3PBzzQMREARiY2UO_1wMlc,2021-01-22,-56,-15,-32,-31,-37,14
GE,Georgia,,,Tbilisi Metropolitan Area,,,ChIJp3PBzzQMREARiY2UO_1wMlc,2021-01-23,-55,-17,-19,-27,-24,7
GE,Georgia,,,Tbilisi Metropolitan Area,,,ChIJp3PBzzQMREARiY2UO_1wMlc,2021-01-24,-55,-16,-9,-25,-17,5
GE,Georgia,,,Tbilisi Metropolitan Area,,,ChIJp3PBzzQMREARiY2UO_1wMlc,2021-01-25,-56,-20,-33,-33,-40,13
GE,Georgia,,,Tbilisi Metropolitan Area,,,ChIJp3PBzzQMREARiY2UO_1wMlc,2021-01-26,-54,-18,-28,-33,-40,13
GE,Georgia,,,Tbilisi Metropolitan Area,,,ChIJp3PBzzQMREARiY2UO_1wMlc,2021-01-27,-55,-17,-26,-30,-40,13
GE,Georgia,,,Tbilisi Metropolitan Area,,,ChIJp3PBzzQMREARiY2UO_1wMlc,2021-01-28,-55,-17,-29,-34,-40,14
GE,Georgia,,,Tbilisi Metropolitan Area,,,ChIJp3PBzzQMREARiY2UO_1wMlc,2021-01-29,-54,-11,-31,-31,-34,13
GE,Georgia,,,Tbilisi Metropolitan Area,,,ChIJp3PBzzQMREARiY2UO_1wMlc,2021-01-30,-53,-13,-22,-29,-20,7
GE,Georgia,,,Tbilisi Metropolitan Area,,,ChIJp3PBzzQMREARiY2UO_1wMlc,2021-01-31,-53,-10,-11,-29,-14,4
GE,Georgia,,,Tbilisi Metropolitan Area,,,ChIJp3PBzzQMREARiY2UO_1wMlc,2021-02-01,-43,-10,-20,-30,-36,10
GE,Georgia,,,Tbilisi Metropolitan Area,,,ChIJp3PBzzQMREARiY2UO_1wMlc,2021-02-02,-40,-6,-17,-29,-36,11
GE,Georgia,,,Tbilisi Metropolitan Area,,,ChIJp3PBzzQMREARiY2UO_1wMlc,2021-02-03,-44,-9,-17,-29,-37,10
GE,Georgia,,,Tbilisi Metropolitan Area,,,ChIJp3PBzzQMREARiY2UO_1wMlc,2021-02-04,-45,-10,-18,-34,-37,11
GE,Georgia,,,Tbilisi Metropolitan Area,,,ChIJp3PBzzQMREARiY2UO_1wMlc,2021-02-05,-47,-7,-39,-33,-32,12
GE,Georgia,,,Tbilisi Metropolitan Area,,,ChIJp3PBzzQMREARiY2UO_1wMlc,2021-02-06,-51,-12,-19,-30,-20,6
GE,Georgia,,,Tbilisi Metropolitan Area,,,ChIJp3PBzzQMREARiY2UO_1wMlc,2021-02-07,-56,-16,-23,-34,-18,4
GE,Georgia,,,Tbilisi Metropolitan Area,,,ChIJp3PBzzQMREARiY2UO_1wMlc,2021-02-08,-38,-9,-24,-17,-33,9
GE,Georgia,,,Tbilisi Metropolitan Area,,,ChIJp3PBzzQMREARiY2UO_1wMlc,2021-02-09,-37,-7,-29,-17,-33,10
GE,Georgia,,,Tbilisi Metropolitan Area,,,ChIJp3PBzzQMREARiY2UO_1wMlc,2021-02-10,-37,-4,-16,-13,-33,9
GE,Georgia,,,Tbilisi Metropolitan Area,,,ChIJp3PBzzQMREARiY2UO_1wMlc,2021-02-11,-34,-4,-13,-15,-32,9
GE,Georgia,,,Tbilisi Metropolitan Area,,,ChIJp3PBzzQMREARiY2UO_1wMlc,2021-02-12,-33,4,-12,-9,-27,8
GE,Georgia,,,Tbilisi Metropolitan Area,,,ChIJp3PBzzQMREARiY2UO_1wMlc,2021-02-13,-53,-13,-29,-32,-22,6
GE,Georgia,,,Tbilisi Metropolitan Area,,,ChIJp3PBzzQMREARiY2UO_1wMlc,2021-02-14,-49,-3,6,-26,-13,3
GE,Georgia,,,Tbilisi Metropolitan Area,,,ChIJp3PBzzQMREARiY2UO_1wMlc,2021-02-15,-31,-2,-16,-9,-28,6
GE,Georgia,,,Tbilisi Metropolitan Area,,,ChIJp3PBzzQMREARiY2UO_1wMlc,2021-02-16,-40,-8,-41,-18,-31,9
GE,Georgia,,,Tbilisi Metropolitan Area,,,ChIJp3PBzzQMREARiY2UO_1wMlc,2021-02-17,-45,-10,-33,-18,-33,10
GE,Georgia,,,Tbilisi Metropolitan Area,,,ChIJp3PBzzQMREARiY2UO_1wMlc,2021-02-18,-39,-7,-38,-19,-30,10
GE,Georgia,,,Tbilisi Metropolitan Area,,,ChIJp3PBzzQMREARiY2UO_1wMlc,2021-02-19,-35,4,-33,-11,-23,9
GE,Georgia,,,Tbilisi Metropolitan Area,,,ChIJp3PBzzQMREARiY2UO_1wMlc,2021-02-20,-54,-10,-34,-33,-21,7
GE,Georgia,,,Tbilisi Metropolitan Area,,,ChIJp3PBzzQMREARiY2UO_1wMlc,2021-02-21,-54,-9,-21,-32,-16,6
GE,Georgia,,,Tbilisi Metropolitan Area,,,ChIJp3PBzzQMREARiY2UO_1wMlc,2021-02-22,-32,-3,-30,-11,-25,7
GE,Georgia,,,Tbilisi Metropolitan Area,,,ChIJp3PBzzQMREARiY2UO_1wMlc,2021-02-23,-37,-7,-38,-16,-27,9
GE,Georgia,,,Tbilisi Metropolitan Area,,,ChIJp3PBzzQMREARiY2UO_1wMlc,2021-02-24,-43,-7,-33,-16,-28,9
GE,Georgia,,,Tbilisi Metropolitan Area,,,ChIJp3PBzzQMREARiY2UO_1wMlc,2021-02-25,-39,-4,-38,-17,-29,11
GE,Georgia,,,Tbilisi Metropolitan Area,,,ChIJp3PBzzQMREARiY2UO_1wMlc,2021-02-26,-30,8,-24,-4,-21,8
GE,Georgia,,,Tbilisi Metropolitan Area,,,ChIJp3PBzzQMREARiY2UO_1wMlc,2021-02-27,-42,2,-2,-10,-15,5
GE,Georgia,,,Tbilisi Metropolitan Area,,,ChIJp3PBzzQMREARiY2UO_1wMlc,2021-02-28,-44,2,4,-10,-10,3
GE,Georgia,,,Tbilisi Metropolitan Area,,,ChIJp3PBzzQMREARiY2UO_1wMlc,2021-03-01,-28,3,-25,-4,-23,6
GE,Georgia,,,Tbilisi Metropolitan Area,,,ChIJp3PBzzQMREARiY2UO_1wMlc,2021-03-02,-25,10,-16,-1,-23,6
GE,Georgia,,,Tbilisi Metropolitan Area,,,ChIJp3PBzzQMREARiY2UO_1wMlc,2021-03-03,-20,15,-16,-1,-50,12
GE,Georgia,,,Tbilisi Metropolitan Area,,,ChIJp3PBzzQMREARiY2UO_1wMlc,2021-03-04,-30,5,-20,-5,-24,7
GE,Georgia,,,Tbilisi Metropolitan Area,,,ChIJp3PBzzQMREARiY2UO_1wMlc,2021-03-05,-27,15,-15,2,-18,6
GE,Georgia,,,Tbilisi Metropolitan Area,,,ChIJp3PBzzQMREARiY2UO_1wMlc,2021-03-06,-40,3,17,-4,-16,2
GE,Georgia,,,Tbilisi Metropolitan Area,,,ChIJp3PBzzQMREARiY2UO_1wMlc,2021-03-07,-49,-4,-20,-14,-12,3
GE,Georgia,,,Tbilisi Metropolitan Area,,,ChIJp3PBzzQMREARiY2UO_1wMlc,2021-03-08,-25,3,-36,-16,-54,12
GE,Georgia,,,Tbilisi Metropolitan Area,,,ChIJp3PBzzQMREARiY2UO_1wMlc,2021-03-09,-29,1,-25,-6,-25,7
GE,Georgia,,,Tbilisi Metropolitan Area,,,ChIJp3PBzzQMREARiY2UO_1wMlc,2021-03-10,-29,4,-22,-1,-26,6
GE,Georgia,,,Tbilisi Metropolitan Area,,,ChIJp3PBzzQMREARiY2UO_1wMlc,2021-03-11,-35,-4,-47,-14,-27,9
GE,Georgia,,,Tbilisi Metropolitan Area,,,ChIJp3PBzzQMREARiY2UO_1wMlc,2021-03-12,-36,2,-43,-7,-21,9
GE,Georgia,,,Tbilisi Metropolitan Area,,,ChIJp3PBzzQMREARiY2UO_1wMlc,2021-03-13,-30,4,-24,-3,-9,4
GE,Georgia,,,Tbilisi Metropolitan Area,,,ChIJp3PBzzQMREARiY2UO_1wMlc,2021-03-14,-28,8,-12,1,-3,2
GE,Georgia,,,Tbilisi Metropolitan Area,,,ChIJp3PBzzQMREARiY2UO_1wMlc,2021-03-15,-33,-2,-36,-5,-19,7
GE,Georgia,,,Tbilisi Metropolitan Area,,,ChIJp3PBzzQMREARiY2UO_1wMlc,2021-03-16,-30,4,-28,-1,-20,7
GE,Georgia,,,Tbilisi Metropolitan Area,,,ChIJp3PBzzQMREARiY2UO_1wMlc,2021-03-17,-29,5,-15,4,-19,5
GE,Georgia,,,Tbilisi Metropolitan Area,,,ChIJp3PBzzQMREARiY2UO_1wMlc,2021-03-18,-33,0,-35,-6,-20,8
GE,Georgia,,,Tbilisi Metropolitan Area,,,ChIJp3PBzzQMREARiY2UO_1wMlc,2021-03-19,-32,6,-31,2,-13,7
GE,Georgia,,,Tbilisi Metropolitan Area,,,ChIJp3PBzzQMREARiY2UO_1wMlc,2021-03-20,-28,9,-14,3,-8,3
GE,Georgia,,,Tbilisi Metropolitan Area,,,ChIJp3PBzzQMREARiY2UO_1wMlc,2021-03-21,-30,7,-24,-1,-3,2
GE,Georgia,,,Tbilisi Metropolitan Area,,,ChIJp3PBzzQMREARiY2UO_1wMlc,2021-03-22,-34,-4,-37,-3,-17,7
GE,Georgia,,,Tbilisi Metropolitan Area,,,ChIJp3PBzzQMREARiY2UO_1wMlc,2021-03-23,-30,4,-29,0,-17,6
GE,Georgia,,,Tbilisi Metropolitan Area,,,ChIJp3PBzzQMREARiY2UO_1wMlc,2021-03-24,-33,2,-33,0,-19,7
GE,Georgia,,,Tbilisi Metropolitan Area,,,ChIJp3PBzzQMREARiY2UO_1wMlc,2021-03-25,-29,4,-30,-3,-20,8
GE,Georgia,,,Tbilisi Metropolitan Area,,,ChIJp3PBzzQMREARiY2UO_1wMlc,2021-03-26,-27,12,-19,7,-11,6
GE,Georgia,,,Tbilisi Metropolitan Area,,,ChIJp3PBzzQMREARiY2UO_1wMlc,2021-03-27,-31,3,-33,-2,-8,4
GE,Georgia,,,Tbilisi Metropolitan Area,,,ChIJp3PBzzQMREARiY2UO_1wMlc,2021-03-28,-19,12,-3,9,-2,1
GE,Georgia,,,Tbilisi Metropolitan Area,,,ChIJp3PBzzQMREARiY2UO_1wMlc,2021-03-29,-28,2,-12,3,-15,5
GE,Georgia,,,Tbilisi Metropolitan Area,,,ChIJp3PBzzQMREARiY2UO_1wMlc,2021-03-30,-27,6,-18,2,-16,6
GE,Georgia,,,Tbilisi Metropolitan Area,,,ChIJp3PBzzQMREARiY2UO_1wMlc,2021-03-31,-27,7,-22,4,-18,5
GE,Georgia,,,Tbilisi Metropolitan Area,,,ChIJp3PBzzQMREARiY2UO_1wMlc,2021-04-01,-23,8,-17,3,-15,6
GE,Georgia,,,Tbilisi Metropolitan Area,,,ChIJp3PBzzQMREARiY2UO_1wMlc,2021-04-02,-23,13,-18,9,-10,6
GE,Georgia,,,Tbilisi Metropolitan Area,,,ChIJp3PBzzQMREARiY2UO_1wMlc,2021-04-03,-21,12,-7,8,-6,2
GE,Georgia,,,Tbilisi Metropolitan Area,,,ChIJp3PBzzQMREARiY2UO_1wMlc,2021-04-04,-16,16,27,12,0,-1
GE,Georgia,,,Tbilisi Metropolitan Area,,,ChIJp3PBzzQMREARiY2UO_1wMlc,2021-04-05,-24,5,-12,5,-14,4
GE,Georgia,,,Tbilisi Metropolitan Area,,,ChIJp3PBzzQMREARiY2UO_1wMlc,2021-04-06,-24,8,-23,3,-14,6
GE,Georgia,,,Tbilisi Metropolitan Area,,,ChIJp3PBzzQMREARiY2UO_1wMlc,2021-04-07,-23,12,-6,9,-18,4
GE,Georgia,,,Tbilisi Metropolitan Area,,,ChIJp3PBzzQMREARiY2UO_1wMlc,2021-04-08,-19,9,12,8,-16,3
GE,Georgia,,,Tbilisi Metropolitan Area,,,ChIJp3PBzzQMREARiY2UO_1wMlc,2021-04-09,-19,10,4,1,-44,10
GE,Georgia,,,Tbilisi Metropolitan Area,,,ChIJp3PBzzQMREARiY2UO_1wMlc,2021-04-10,-28,3,-8,1,-7,3
GE,Georgia,,,Tbilisi Metropolitan Area,,,ChIJp3PBzzQMREARiY2UO_1wMlc,2021-04-11,-27,6,-11,0,-4,1
GE,Georgia,,,Tbilisi Metropolitan Area,,,ChIJp3PBzzQMREARiY2UO_1wMlc,2021-04-12,-23,5,-1,5,-11,5
GE,Georgia,,,Tbilisi Metropolitan Area,,,ChIJp3PBzzQMREARiY2UO_1wMlc,2021-04-13,-29,3,-22,-1,-14,7
GE,Georgia,,,Tbilisi Metropolitan Area,,,ChIJp3PBzzQMREARiY2UO_1wMlc,2021-04-14,-26,8,-9,7,-17,6
GE,Georgia,,,Tbilisi Metropolitan Area,,,ChIJp3PBzzQMREARiY2UO_1wMlc,2021-04-15,-20,10,19,7,-14,5
GE,Georgia,,,Tbilisi Metropolitan Area,,,ChIJp3PBzzQMREARiY2UO_1wMlc,2021-04-16,-22,14,16,10,-8,5
GE,Georgia,,,Tbilisi Metropolitan Area,,,ChIJp3PBzzQMREARiY2UO_1wMlc,2021-04-17,-21,12,28,9,-4,1
GE,Georgia,,,Tbilisi Metropolitan Area,,,ChIJp3PBzzQMREARiY2UO_1wMlc,2021-04-18,-18,15,36,10,3,0
GE,Georgia,,,Tbilisi Metropolitan Area,,,ChIJp3PBzzQMREARiY2UO_1wMlc,2021-04-19,-23,6,8,4,-11,5
GE,Georgia,,,Tbilisi Metropolitan Area,,,ChIJp3PBzzQMREARiY2UO_1wMlc,2021-04-20,-24,9,2,5,-12,6
GE,Georgia,,,Tbilisi Metropolitan Area,,,ChIJp3PBzzQMREARiY2UO_1wMlc,2021-04-21,-30,5,-19,2,-16,7
GE,Georgia,,,Tbilisi Metropolitan Area,,,ChIJp3PBzzQMREARiY2UO_1wMlc,2021-04-22,-25,7,-13,-2,-15,7
GE,Georgia,,,Tbilisi Metropolitan Area,,,ChIJp3PBzzQMREARiY2UO_1wMlc,2021-04-23,-21,19,12,-20,-8,5
GE,Georgia,,,Tbilisi Metropolitan Area,,,ChIJp3PBzzQMREARiY2UO_1wMlc,2021-04-24,-18,18,30,-18,-1,1
GE,Georgia,,,Tbilisi Metropolitan Area,,,ChIJp3PBzzQMREARiY2UO_1wMlc,2021-04-25,-16,24,58,-14,3,-2
GE,Georgia,,,Tbilisi Metropolitan Area,,,ChIJp3PBzzQMREARiY2UO_1wMlc,2021-04-26,-26,3,-15,-29,-12,6
GE,Georgia,,,Tbilisi Metropolitan Area,,,ChIJp3PBzzQMREARiY2UO_1wMlc,2021-04-27,-23,9,-14,-27,-14,7
GE,Georgia,,,Tbilisi Metropolitan Area,,,ChIJp3PBzzQMREARiY2UO_1wMlc,2021-04-28,-8,28,29,-8,-16,4
GE,Georgia,,,Tbilisi Metropolitan Area,,,ChIJp3PBzzQMREARiY2UO_1wMlc,2021-04-29,-5,32,19,-10,-18,3
GE,Georgia,,,Tbilisi Metropolitan Area,,,ChIJp3PBzzQMREARiY2UO_1wMlc,2021-04-30,-13,36,21,-17,-51,9
GE,Georgia,,,Tbilisi Metropolitan Area,,,ChIJp3PBzzQMREARiY2UO_1wMlc,2021-05-01,-27,15,13,-24,-30,0
GE,Georgia,,,Tbilisi Metropolitan Area,,,ChIJp3PBzzQMREARiY2UO_1wMlc,2021-05-02,-60,-27,-4,-44,-42,2
GE,Georgia,,,Tbilisi Metropolitan Area,,,ChIJp3PBzzQMREARiY2UO_1wMlc,2021-05-03,-55,-26,3,-55,-76,11
GE,Georgia,,,Tbilisi Metropolitan Area,,,ChIJp3PBzzQMREARiY2UO_1wMlc,2021-05-04,-34,-1,-8,-41,-41,7
GE,Georgia,,,Tbilisi Metropolitan Area,,,ChIJp3PBzzQMREARiY2UO_1wMlc,2021-05-05,-33,6,-13,-38,-38,8
GE,Georgia,,,Tbilisi Metropolitan Area,,,ChIJp3PBzzQMREARiY2UO_1wMlc,2021-05-06,-28,8,-2,-37,-36,8
GE,Georgia,,,Tbilisi Metropolitan Area,,,ChIJp3PBzzQMREARiY2UO_1wMlc,2021-05-07,-28,10,2,-33,-28,8
GE,Georgia,,,Tbilisi Metropolitan Area,,,ChIJp3PBzzQMREARiY2UO_1wMlc,2021-05-08,-27,9,26,-31,-9,1
GE,Georgia,,,Tbilisi Metropolitan Area,,,ChIJp3PBzzQMREARiY2UO_1wMlc,2021-05-09,-35,-2,-15,-38,-5,1
GE,Georgia,,,Tbilisi Metropolitan Area,,,ChIJp3PBzzQMREARiY2UO_1wMlc,2021-05-10,-28,4,-17,-37,-30,8
GE,Georgia,,,Tbilisi Metropolitan Area,,,ChIJp3PBzzQMREARiY2UO_1wMlc,2021-05-11,-23,11,7,-30,-29,7
GE,Georgia,,,Tbilisi Metropolitan Area,,,ChIJp3PBzzQMREARiY2UO_1wMlc,2021-05-12,-18,17,29,-27,-46,9
GE,Georgia,,,Tbilisi Metropolitan Area,,,ChIJp3PBzzQMREARiY2UO_1wMlc,2021-05-13,-7,19,35,-13,-15,4
GE,Georgia,,,Tbilisi Metropolitan Area,,,ChIJp3PBzzQMREARiY2UO_1wMlc,2021-05-14,-8,27,33,-8,-9,5
GE,Georgia,,,Tbilisi Metropolitan Area,,,ChIJp3PBzzQMREARiY2UO_1wMlc,2021-05-15,-8,25,39,-8,-1,-1
GE,Georgia,,,Tbilisi Metropolitan Area,,,ChIJp3PBzzQMREARiY2UO_1wMlc,2021-05-16,-4,28,49,-5,7,-3
GE,Georgia,,,Tbilisi Metropolitan Area,,,ChIJp3PBzzQMREARiY2UO_1wMlc,2021-05-17,-6,18,22,-10,-7,3
GE,Georgia,,,Tbilisi Metropolitan Area,,,ChIJp3PBzzQMREARiY2UO_1wMlc,2021-05-18,2,26,38,-6,-8,3
GE,Georgia,,,Tbilisi Metropolitan Area,,,ChIJp3PBzzQMREARiY2UO_1wMlc,2021-05-19,-4,24,26,-7,-11,3
GE,Georgia,,,Tbilisi Metropolitan Area,,,ChIJp3PBzzQMREARiY2UO_1wMlc,2021-05-20,3,29,45,-10,-9,2
GE,Georgia,,,Tbilisi Metropolitan Area,,,ChIJp3PBzzQMREARiY2UO_1wMlc,2021-05-21,-2,33,39,-2,-1,2
GE,Georgia,,,Tbilisi Metropolitan Area,,,ChIJp3PBzzQMREARiY2UO_1wMlc,2021-05-22,-4,25,31,-5,3,-1
GE,Georgia,,,Tbilisi Metropolitan Area,,,ChIJp3PBzzQMREARiY2UO_1wMlc,2021-05-23,3,29,41,-1,10,-3
GE,Georgia,,,Tbilisi Metropolitan Area,,,ChIJp3PBzzQMREARiY2UO_1wMlc,2021-05-24,-1,21,31,-8,-7,2
GE,Georgia,,,Tbilisi Metropolitan Area,,,ChIJp3PBzzQMREARiY2UO_1wMlc,2021-05-25,0,24,17,-7,-7,3
GE,Georgia,,,Tbilisi Metropolitan Area,,,ChIJp3PBzzQMREARiY2UO_1wMlc,2021-05-26,2,24,44,-10,-47,9
GE,Georgia,,,Tbilisi Metropolitan Area,,,ChIJp3PBzzQMREARiY2UO_1wMlc,2021-05-27,2,27,43,-6,-9,2
GE,Georgia,,,Tbilisi Metropolitan Area,,,ChIJp3PBzzQMREARiY2UO_1wMlc,2021-05-28,-2,31,29,-1,-1,3
GE,Georgia,,,Tbilisi Metropolitan Area,,,ChIJp3PBzzQMREARiY2UO_1wMlc,2021-05-29,3,31,48,2,6,-2
GE,Georgia,,,Tbilisi Metropolitan Area,,,ChIJp3PBzzQMREARiY2UO_1wMlc,2021-05-30,4,29,35,2,10,-3
GE,Georgia,,,Tbilisi Metropolitan Area,,,ChIJp3PBzzQMREARiY2UO_1wMlc,2021-05-31,2,24,32,-4,-5,2
GE,Georgia,,,Tbilisi Metropolitan Area,,,ChIJp3PBzzQMREARiY2UO_1wMlc,2021-06-01,15,35,58,2,-7,2
GE,Georgia,,,Tbilisi Metropolitan Area,,,ChIJp3PBzzQMREARiY2UO_1wMlc,2021-06-02,2,31,36,1,-10,2
GE,Georgia,,,Tbilisi Metropolitan Area,,,ChIJp3PBzzQMREARiY2UO_1wMlc,2021-06-03,7,31,39,-2,-9,3
GE,Georgia,,,Tbilisi Metropolitan Area,,,ChIJp3PBzzQMREARiY2UO_1wMlc,2021-06-04,0,30,21,0,-1,3
GE,Georgia,,,Tbilisi Metropolitan Area,,,ChIJp3PBzzQMREARiY2UO_1wMlc,2021-06-05,4,29,27,1,2,-1
GE,Georgia,,,Tbilisi Metropolitan Area,,,ChIJp3PBzzQMREARiY2UO_1wMlc,2021-06-06,6,30,31,2,9,-3
GE,Georgia,,,Tbilisi Metropolitan Area,,,ChIJp3PBzzQMREARiY2UO_1wMlc,2021-06-07,6,28,38,0,-5,1
GE,Georgia,,,Tbilisi Metropolitan Area,,,ChIJp3PBzzQMREARiY2UO_1wMlc,2021-06-08,6,32,50,2,-6,2
GE,Georgia,,,Tbilisi Metropolitan Area,,,ChIJp3PBzzQMREARiY2UO_1wMlc,2021-06-09,-2,25,21,-2,-10,3
GE,Georgia,,,Tbilisi Metropolitan Area,,,ChIJp3PBzzQMREARiY2UO_1wMlc,2021-06-10,6,32,47,0,-8,2
GE,Georgia,,,Tbilisi Metropolitan Area,,,ChIJp3PBzzQMREARiY2UO_1wMlc,2021-06-11,5,38,44,5,-2,2
GE,Georgia,,,Tbilisi Metropolitan Area,,,ChIJp3PBzzQMREARiY2UO_1wMlc,2021-06-12,4,28,48,2,2,-3
GE,Georgia,,,Tbilisi Metropolitan Area,,,ChIJp3PBzzQMREARiY2UO_1wMlc,2021-06-13,4,29,39,2,7,-3
GE,Georgia,,,Tbilisi Metropolitan Area,,,ChIJp3PBzzQMREARiY2UO_1wMlc,2021-06-14,2,24,43,-4,-8,0
GE,Georgia,,,Tbilisi Metropolitan Area,,,ChIJp3PBzzQMREARiY2UO_1wMlc,2021-06-15,4,29,48,-1,-9,2
GE,Georgia,,,Tbilisi Metropolitan Area,,,ChIJp3PBzzQMREARiY2UO_1wMlc,2021-06-16,0,27,44,0,-15,1
GE,Georgia,,,Tbilisi Metropolitan Area,,,ChIJp3PBzzQMREARiY2UO_1wMlc,2021-06-17,1,24,34,-7,-16,1
GE,Georgia,,,Tbilisi Metropolitan Area,,,ChIJp3PBzzQMREARiY2UO_1wMlc,2021-06-18,-1,29,39,-2,-9,1
GE,Georgia,,,Tbilisi Metropolitan Area,,,ChIJp3PBzzQMREARiY2UO_1wMlc,2021-06-19,-4,19,43,-4,-3,-4
GE,Georgia,,,Tbilisi Metropolitan Area,,,ChIJp3PBzzQMREARiY2UO_1wMlc,2021-06-20,-2,20,51,-1,3,-6
GE,Georgia,,,Tbilisi Metropolitan Area,,,ChIJp3PBzzQMREARiY2UO_1wMlc,2021-06-21,-2,21,36,-8,-14,0
GE,Georgia,,,Tbilisi Metropolitan Area,,,ChIJp3PBzzQMREARiY2UO_1wMlc,2021-06-22,2,26,44,-3,-14,1
GE,Georgia,,,Tbilisi Metropolitan Area,,,ChIJp3PBzzQMREARiY2UO_1wMlc,2021-06-23,-2,23,37,-3,-18,0
GE,Georgia,,,Tbilisi Metropolitan Area,,,ChIJp3PBzzQMREARiY2UO_1wMlc,2021-06-24,2,24,46,-5,-16,1
