country_region_code,country_region,sub_region_1,sub_region_2,metro_area,iso_3166_2_code,census_fips_code,place_id,date,retail_and_recreation_percent_change_from_baseline,grocery_and_pharmacy_percent_change_from_baseline,parks_percent_change_from_baseline,transit_stations_percent_change_from_baseline,workplaces_percent_change_from_baseline,residential_percent_change_from_baseline
MM,Myanmar (Burma),,,,,,ChIJBylOcadSVjAREStiHOQOe7o,2021-01-01,-41,-14,-18,-32,-53,26
MM,Myanmar (Burma),,,,,,ChIJBylOcadSVjAREStiHOQOe7o,2021-01-02,-41,-14,-22,-26,-22,21
MM,Myanmar (Burma),,,,,,ChIJBylOcadSVjAREStiHOQOe7o,2021-01-03,-39,-13,-16,-24,-13,19
MM,Myanmar (Burma),,,,,,ChIJBylOcadSVjAREStiHOQOe7o,2021-01-04,-37,-12,-18,-29,-55,26
MM,Myanmar (Burma),,,,,,ChIJBylOcadSVjAREStiHOQOe7o,2021-01-05,-34,-7,-15,-17,-24,19
MM,Myanmar (Burma),,,,,,ChIJBylOcadSVjAREStiHOQOe7o,2021-01-06,-33,-7,-17,-20,-25,20
MM,Myanmar (Burma),,,,,,ChIJBylOcadSVjAREStiHOQOe7o,2021-01-07,-33,-8,-15,-20,-23,20
MM,Myanmar (Burma),,,,,,ChIJBylOcadSVjAREStiHOQOe7o,2021-01-08,-34,-9,-16,-23,-21,21
MM,Myanmar (Burma),,,,,,ChIJBylOcadSVjAREStiHOQOe7o,2021-01-09,-35,-11,-21,-24,-13,18
MM,Myanmar (Burma),,,,,,ChIJBylOcadSVjAREStiHOQOe7o,2021-01-10,-34,-11,-17,-24,-13,17
MM,Myanmar (Burma),,,,,,ChIJBylOcadSVjAREStiHOQOe7o,2021-01-11,-30,-8,-14,-24,-22,19
MM,Myanmar (Burma),,,,,,ChIJBylOcadSVjAREStiHOQOe7o,2021-01-12,-30,-12,-15,-25,-27,18
MM,Myanmar (Burma),,,,,,ChIJBylOcadSVjAREStiHOQOe7o,2021-01-13,-34,-12,-21,-33,-49,21
MM,Myanmar (Burma),,,,,,ChIJBylOcadSVjAREStiHOQOe7o,2021-01-14,-36,-19,-24,-32,-29,17
MM,Myanmar (Burma),,,,,,ChIJBylOcadSVjAREStiHOQOe7o,2021-01-15,-39,-21,-29,-34,-29,18
MM,Myanmar (Burma),,,,,,ChIJBylOcadSVjAREStiHOQOe7o,2021-01-16,-41,-24,-33,-35,-24,16
MM,Myanmar (Burma),,,,,,ChIJBylOcadSVjAREStiHOQOe7o,2021-01-17,-40,-23,-30,-34,-24,16
MM,Myanmar (Burma),,,,,,ChIJBylOcadSVjAREStiHOQOe7o,2021-01-18,-37,-20,-27,-32,-31,18
MM,Myanmar (Burma),,,,,,ChIJBylOcadSVjAREStiHOQOe7o,2021-01-19,-36,-20,-26,-32,-31,18
MM,Myanmar (Burma),,,,,,ChIJBylOcadSVjAREStiHOQOe7o,2021-01-20,-37,-21,-27,-33,-30,18
MM,Myanmar (Burma),,,,,,ChIJBylOcadSVjAREStiHOQOe7o,2021-01-21,-36,-20,-26,-32,-29,18
MM,Myanmar (Burma),,,,,,ChIJBylOcadSVjAREStiHOQOe7o,2021-01-22,-36,-19,-27,-32,-26,19
MM,Myanmar (Burma),,,,,,ChIJBylOcadSVjAREStiHOQOe7o,2021-01-23,-37,-20,-30,-31,-20,17
MM,Myanmar (Burma),,,,,,ChIJBylOcadSVjAREStiHOQOe7o,2021-01-24,-38,-20,-25,-31,-20,16
MM,Myanmar (Burma),,,,,,ChIJBylOcadSVjAREStiHOQOe7o,2021-01-25,-33,-16,-23,-28,-27,18
MM,Myanmar (Burma),,,,,,ChIJBylOcadSVjAREStiHOQOe7o,2021-01-26,-32,-16,-23,-30,-28,17
MM,Myanmar (Burma),,,,,,ChIJBylOcadSVjAREStiHOQOe7o,2021-01-27,-34,-20,-22,-31,-29,18
MM,Myanmar (Burma),,,,,,ChIJBylOcadSVjAREStiHOQOe7o,2021-01-28,-32,-15,-23,-29,-26,18
MM,Myanmar (Burma),,,,,,ChIJBylOcadSVjAREStiHOQOe7o,2021-01-29,-30,-8,-24,-26,-23,17
MM,Myanmar (Burma),,,,,,ChIJBylOcadSVjAREStiHOQOe7o,2021-01-30,-31,-6,-28,-23,-18,14
MM,Myanmar (Burma),,,,,,ChIJBylOcadSVjAREStiHOQOe7o,2021-01-31,-30,-4,-26,-22,-20,13
MM,Myanmar (Burma),,,,,,ChIJBylOcadSVjAREStiHOQOe7o,2021-02-01,-48,-23,-33,-47,-41,17
MM,Myanmar (Burma),,,,,,ChIJBylOcadSVjAREStiHOQOe7o,2021-02-02,-40,-17,-33,-41,-37,21
MM,Myanmar (Burma),,,,,,ChIJBylOcadSVjAREStiHOQOe7o,2021-02-03,-39,-16,-32,-38,-32,20
MM,Myanmar (Burma),,,,,,ChIJBylOcadSVjAREStiHOQOe7o,2021-02-04,-38,-20,-26,-37,-31,13
MM,Myanmar (Burma),,,,,,ChIJBylOcadSVjAREStiHOQOe7o,2021-02-05,-41,-22,-32,-39,-32,15
MM,Myanmar (Burma),,,,,,ChIJBylOcadSVjAREStiHOQOe7o,2021-02-06,-81,-72,-70,-76,-64,6
MM,Myanmar (Burma),,,,,,ChIJBylOcadSVjAREStiHOQOe7o,2021-02-07,-49,-35,-28,-38,-32,-5
MM,Myanmar (Burma),,,,,,ChIJBylOcadSVjAREStiHOQOe7o,2021-02-08,-28,-10,-14,-7,-51,17
MM,Myanmar (Burma),,,,,,ChIJBylOcadSVjAREStiHOQOe7o,2021-02-09,-36,-17,-23,-27,-55,21
MM,Myanmar (Burma),,,,,,ChIJBylOcadSVjAREStiHOQOe7o,2021-02-10,-39,-19,-21,-33,-52,21
MM,Myanmar (Burma),,,,,,ChIJBylOcadSVjAREStiHOQOe7o,2021-02-11,-37,-20,-21,-33,-54,20
MM,Myanmar (Burma),,,,,,ChIJBylOcadSVjAREStiHOQOe7o,2021-02-12,-37,-19,-24,-30,-64,21
MM,Myanmar (Burma),,,,,,ChIJBylOcadSVjAREStiHOQOe7o,2021-02-13,-42,-23,-32,-38,-46,17
MM,Myanmar (Burma),,,,,,ChIJBylOcadSVjAREStiHOQOe7o,2021-02-14,-46,-25,-37,-45,-37,16
MM,Myanmar (Burma),,,,,,ChIJBylOcadSVjAREStiHOQOe7o,2021-02-15,-47,-29,-41,-50,-53,19
MM,Myanmar (Burma),,,,,,ChIJBylOcadSVjAREStiHOQOe7o,2021-02-16,-46,-29,-41,-49,-51,19
MM,Myanmar (Burma),,,,,,ChIJBylOcadSVjAREStiHOQOe7o,2021-02-17,-41,-23,-35,-37,-51,18
MM,Myanmar (Burma),,,,,,ChIJBylOcadSVjAREStiHOQOe7o,2021-02-18,-45,-27,-39,-44,-50,19
MM,Myanmar (Burma),,,,,,ChIJBylOcadSVjAREStiHOQOe7o,2021-02-19,-46,-27,-41,-47,-49,20
MM,Myanmar (Burma),,,,,,ChIJBylOcadSVjAREStiHOQOe7o,2021-02-20,-46,-25,-41,-46,-38,16
MM,Myanmar (Burma),,,,,,ChIJBylOcadSVjAREStiHOQOe7o,2021-02-21,-48,-24,-39,-46,-34,14
MM,Myanmar (Burma),,,,,,ChIJBylOcadSVjAREStiHOQOe7o,2021-02-22,-47,-42,-25,-39,-73,20
MM,Myanmar (Burma),,,,,,ChIJBylOcadSVjAREStiHOQOe7o,2021-02-23,-49,-30,-44,-52,-52,18
MM,Myanmar (Burma),,,,,,ChIJBylOcadSVjAREStiHOQOe7o,2021-02-24,-48,-29,-42,-49,-49,17
MM,Myanmar (Burma),,,,,,ChIJBylOcadSVjAREStiHOQOe7o,2021-02-25,-45,-27,-38,-45,-48,16
MM,Myanmar (Burma),,,,,,ChIJBylOcadSVjAREStiHOQOe7o,2021-02-26,-47,-30,-39,-48,-50,18
MM,Myanmar (Burma),,,,,,ChIJBylOcadSVjAREStiHOQOe7o,2021-02-27,-50,-27,-42,-50,-39,15
MM,Myanmar (Burma),,,,,,ChIJBylOcadSVjAREStiHOQOe7o,2021-02-28,-52,-39,-36,-46,-49,17
MM,Myanmar (Burma),,,,,,ChIJBylOcadSVjAREStiHOQOe7o,2021-03-01,-52,-31,-44,-54,-55,21
MM,Myanmar (Burma),,,,,,ChIJBylOcadSVjAREStiHOQOe7o,2021-03-02,-53,-33,-45,-55,-66,23
MM,Myanmar (Burma),,,,,,ChIJBylOcadSVjAREStiHOQOe7o,2021-03-03,-56,-36,-44,-56,-55,21
MM,Myanmar (Burma),,,,,,ChIJBylOcadSVjAREStiHOQOe7o,2021-03-04,-58,-42,-46,-60,-60,24
MM,Myanmar (Burma),,,,,,ChIJBylOcadSVjAREStiHOQOe7o,2021-03-05,-58,-36,-47,-58,-57,23
MM,Myanmar (Burma),,,,,,ChIJBylOcadSVjAREStiHOQOe7o,2021-03-06,-57,-34,-46,-57,-49,19
MM,Myanmar (Burma),,,,,,ChIJBylOcadSVjAREStiHOQOe7o,2021-03-07,-57,-34,-42,-56,-43,17
MM,Myanmar (Burma),,,,,,ChIJBylOcadSVjAREStiHOQOe7o,2021-03-08,-60,-44,-45,-62,-63,25
MM,Myanmar (Burma),,,,,,ChIJBylOcadSVjAREStiHOQOe7o,2021-03-09,-57,-40,-47,-60,-60,24
MM,Myanmar (Burma),,,,,,ChIJBylOcadSVjAREStiHOQOe7o,2021-03-10,-59,-42,-46,-61,-59,23
MM,Myanmar (Burma),,,,,,ChIJBylOcadSVjAREStiHOQOe7o,2021-03-11,-59,-42,-46,-62,-59,23
MM,Myanmar (Burma),,,,,,ChIJBylOcadSVjAREStiHOQOe7o,2021-03-12,-60,-44,-48,-62,-59,24
MM,Myanmar (Burma),,,,,,ChIJBylOcadSVjAREStiHOQOe7o,2021-03-13,-61,-42,-49,-62,-49,20
MM,Myanmar (Burma),,,,,,ChIJBylOcadSVjAREStiHOQOe7o,2021-03-14,-62,-43,-50,-61,-48,17
MM,Myanmar (Burma),,,,,,ChIJBylOcadSVjAREStiHOQOe7o,2021-03-15,-78,-71,-81,-83,-77,24
MM,Myanmar (Burma),,,,,,ChIJBylOcadSVjAREStiHOQOe7o,2021-03-16,-77,-70,-81,-82,-76,25
MM,Myanmar (Burma),,,,,,ChIJBylOcadSVjAREStiHOQOe7o,2021-03-17,-76,-69,-80,-82,-74,23
MM,Myanmar (Burma),,,,,,ChIJBylOcadSVjAREStiHOQOe7o,2021-03-18,-78,-72,-80,-85,-75,26
MM,Myanmar (Burma),,,,,,ChIJBylOcadSVjAREStiHOQOe7o,2021-03-19,-77,-71,-79,-84,-73,26
MM,Myanmar (Burma),,,,,,ChIJBylOcadSVjAREStiHOQOe7o,2021-03-20,-77,-70,-79,-85,-69,23
MM,Myanmar (Burma),,,,,,ChIJBylOcadSVjAREStiHOQOe7o,2021-03-21,-76,-69,-76,-83,-63,20
MM,Myanmar (Burma),,,,,,ChIJBylOcadSVjAREStiHOQOe7o,2021-03-22,-73,-66,-76,-80,-70,24
MM,Myanmar (Burma),,,,,,ChIJBylOcadSVjAREStiHOQOe7o,2021-03-23,-72,-64,-75,-80,-70,23
MM,Myanmar (Burma),,,,,,ChIJBylOcadSVjAREStiHOQOe7o,2021-03-24,-80,-76,-77,-84,-76,28
MM,Myanmar (Burma),,,,,,ChIJBylOcadSVjAREStiHOQOe7o,2021-03-25,-71,-61,-74,-78,-69,23
MM,Myanmar (Burma),,,,,,ChIJBylOcadSVjAREStiHOQOe7o,2021-03-26,-73,-62,-75,-80,-76,27
MM,Myanmar (Burma),,,,,,ChIJBylOcadSVjAREStiHOQOe7o,2021-03-27,-85,-81,-79,-89,-80,31
MM,Myanmar (Burma),,,,,,ChIJBylOcadSVjAREStiHOQOe7o,2021-03-28,-78,-70,-75,-83,-65,23
MM,Myanmar (Burma),,,,,,ChIJBylOcadSVjAREStiHOQOe7o,2021-03-29,-75,-67,-74,-82,-77,28
MM,Myanmar (Burma),,,,,,ChIJBylOcadSVjAREStiHOQOe7o,2021-03-30,-73,-65,-74,-79,-69,24
MM,Myanmar (Burma),,,,,,ChIJBylOcadSVjAREStiHOQOe7o,2021-03-31,-73,-64,-74,-79,-68,22
MM,Myanmar (Burma),,,,,,ChIJBylOcadSVjAREStiHOQOe7o,2021-04-01,-72,-64,-73,-79,-68,23
MM,Myanmar (Burma),,,,,,ChIJBylOcadSVjAREStiHOQOe7o,2021-04-02,-75,-66,-78,-80,-69,25
MM,Myanmar (Burma),,,,,,ChIJBylOcadSVjAREStiHOQOe7o,2021-04-03,-75,-66,-78,-81,-64,22
MM,Myanmar (Burma),,,,,,ChIJBylOcadSVjAREStiHOQOe7o,2021-04-04,-75,-67,-77,-81,-61,20
MM,Myanmar (Burma),,,,,,ChIJBylOcadSVjAREStiHOQOe7o,2021-04-05,-74,-67,-77,-80,-68,24
MM,Myanmar (Burma),,,,,,ChIJBylOcadSVjAREStiHOQOe7o,2021-04-06,-72,-64,-77,-79,-68,22
MM,Myanmar (Burma),,,,,,ChIJBylOcadSVjAREStiHOQOe7o,2021-04-07,-71,-62,-76,-78,-68,22
MM,Myanmar (Burma),,,,,,ChIJBylOcadSVjAREStiHOQOe7o,2021-04-08,-71,-63,-75,-77,-67,22
MM,Myanmar (Burma),,,,,,ChIJBylOcadSVjAREStiHOQOe7o,2021-04-09,-72,-63,-77,-78,-67,23
MM,Myanmar (Burma),,,,,,ChIJBylOcadSVjAREStiHOQOe7o,2021-04-10,-74,-64,-77,-79,-64,20
MM,Myanmar (Burma),,,,,,ChIJBylOcadSVjAREStiHOQOe7o,2021-04-11,-74,-66,-75,-80,-61,18
MM,Myanmar (Burma),,,,,,ChIJBylOcadSVjAREStiHOQOe7o,2021-04-12,-71,-60,-74,-78,-73,22
MM,Myanmar (Burma),,,,,,ChIJBylOcadSVjAREStiHOQOe7o,2021-04-13,-78,-71,-76,-84,-82,27
MM,Myanmar (Burma),,,,,,ChIJBylOcadSVjAREStiHOQOe7o,2021-04-14,-81,-77,-78,-87,-84,30
MM,Myanmar (Burma),,,,,,ChIJBylOcadSVjAREStiHOQOe7o,2021-04-15,-81,-77,-78,-87,-84,31
MM,Myanmar (Burma),,,,,,ChIJBylOcadSVjAREStiHOQOe7o,2021-04-16,-82,-77,-79,-87,-84,32
MM,Myanmar (Burma),,,,,,ChIJBylOcadSVjAREStiHOQOe7o,2021-04-17,-81,-78,-78,-87,-77,26
MM,Myanmar (Burma),,,,,,ChIJBylOcadSVjAREStiHOQOe7o,2021-04-18,-75,-67,-75,-80,-61,19
MM,Myanmar (Burma),,,,,,ChIJBylOcadSVjAREStiHOQOe7o,2021-04-19,-71,-63,-74,-78,-76,24
MM,Myanmar (Burma),,,,,,ChIJBylOcadSVjAREStiHOQOe7o,2021-04-20,-70,-62,-75,-77,-65,21
MM,Myanmar (Burma),,,,,,ChIJBylOcadSVjAREStiHOQOe7o,2021-04-21,-70,-62,-74,-76,-65,21
MM,Myanmar (Burma),,,,,,ChIJBylOcadSVjAREStiHOQOe7o,2021-04-22,-71,-63,-75,-76,-64,22
MM,Myanmar (Burma),,,,,,ChIJBylOcadSVjAREStiHOQOe7o,2021-04-23,-70,-62,-75,-76,-62,23
MM,Myanmar (Burma),,,,,,ChIJBylOcadSVjAREStiHOQOe7o,2021-04-24,-71,-63,-75,-76,-57,20
MM,Myanmar (Burma),,,,,,ChIJBylOcadSVjAREStiHOQOe7o,2021-04-25,-70,-61,-73,-75,-53,18
MM,Myanmar (Burma),,,,,,ChIJBylOcadSVjAREStiHOQOe7o,2021-04-26,-67,-59,-70,-73,-61,19
MM,Myanmar (Burma),,,,,,ChIJBylOcadSVjAREStiHOQOe7o,2021-04-27,-66,-57,-71,-72,-61,20
MM,Myanmar (Burma),,,,,,ChIJBylOcadSVjAREStiHOQOe7o,2021-04-28,-65,-55,-69,-71,-60,19
MM,Myanmar (Burma),,,,,,ChIJBylOcadSVjAREStiHOQOe7o,2021-04-29,-64,-55,-69,-70,-59,19
MM,Myanmar (Burma),,,,,,ChIJBylOcadSVjAREStiHOQOe7o,2021-04-30,-63,-50,-67,-69,-67,22
MM,Myanmar (Burma),,,,,,ChIJBylOcadSVjAREStiHOQOe7o,2021-05-01,-66,-54,-68,-71,-60,18
MM,Myanmar (Burma),,,,,,ChIJBylOcadSVjAREStiHOQOe7o,2021-05-02,-71,-62,-71,-75,-55,20
MM,Myanmar (Burma),,,,,,ChIJBylOcadSVjAREStiHOQOe7o,2021-05-03,-61,-49,-63,-65,-56,16
MM,Myanmar (Burma),,,,,,ChIJBylOcadSVjAREStiHOQOe7o,2021-05-04,-58,-45,-58,-62,-56,14
MM,Myanmar (Burma),,,,,,ChIJBylOcadSVjAREStiHOQOe7o,2021-05-05,-56,-41,-52,-59,-53,13
MM,Myanmar (Burma),,,,,,ChIJBylOcadSVjAREStiHOQOe7o,2021-05-06,-57,-43,-52,-59,-53,14
MM,Myanmar (Burma),,,,,,ChIJBylOcadSVjAREStiHOQOe7o,2021-05-07,-55,-38,-51,-57,-50,15
MM,Myanmar (Burma),,,,,,ChIJBylOcadSVjAREStiHOQOe7o,2021-05-08,-55,-38,-51,-56,-43,13
MM,Myanmar (Burma),,,,,,ChIJBylOcadSVjAREStiHOQOe7o,2021-05-09,-54,-36,-45,-53,-39,12
MM,Myanmar (Burma),,,,,,ChIJBylOcadSVjAREStiHOQOe7o,2021-05-10,-50,-34,-43,-50,-51,14
MM,Myanmar (Burma),,,,,,ChIJBylOcadSVjAREStiHOQOe7o,2021-05-11,-49,-30,-44,-49,-50,15
MM,Myanmar (Burma),,,,,,ChIJBylOcadSVjAREStiHOQOe7o,2021-05-12,-50,-30,-42,-49,-49,15
MM,Myanmar (Burma),,,,,,ChIJBylOcadSVjAREStiHOQOe7o,2021-05-13,-47,-28,-38,-46,-48,15
MM,Myanmar (Burma),,,,,,ChIJBylOcadSVjAREStiHOQOe7o,2021-05-14,-47,-26,-38,-46,-47,16
MM,Myanmar (Burma),,,,,,ChIJBylOcadSVjAREStiHOQOe7o,2021-05-15,-49,-28,-40,-47,-41,13
MM,Myanmar (Burma),,,,,,ChIJBylOcadSVjAREStiHOQOe7o,2021-05-16,-50,-29,-38,-47,-35,12
MM,Myanmar (Burma),,,,,,ChIJBylOcadSVjAREStiHOQOe7o,2021-05-17,-46,-24,-36,-44,-45,14
MM,Myanmar (Burma),,,,,,ChIJBylOcadSVjAREStiHOQOe7o,2021-05-18,-46,-27,-37,-45,-46,15
MM,Myanmar (Burma),,,,,,ChIJBylOcadSVjAREStiHOQOe7o,2021-05-19,-47,-25,-37,-46,-44,15
MM,Myanmar (Burma),,,,,,ChIJBylOcadSVjAREStiHOQOe7o,2021-05-20,-46,-26,-33,-48,-44,16
MM,Myanmar (Burma),,,,,,ChIJBylOcadSVjAREStiHOQOe7o,2021-05-21,-46,-24,-32,-46,-41,17
MM,Myanmar (Burma),,,,,,ChIJBylOcadSVjAREStiHOQOe7o,2021-05-22,-48,-26,-34,-45,-35,15
MM,Myanmar (Burma),,,,,,ChIJBylOcadSVjAREStiHOQOe7o,2021-05-23,-50,-29,-31,-47,-33,14
MM,Myanmar (Burma),,,,,,ChIJBylOcadSVjAREStiHOQOe7o,2021-05-24,-45,-22,-30,-44,-45,15
MM,Myanmar (Burma),,,,,,ChIJBylOcadSVjAREStiHOQOe7o,2021-05-25,-47,-32,-31,-52,-66,21
MM,Myanmar (Burma),,,,,,ChIJBylOcadSVjAREStiHOQOe7o,2021-05-26,-45,-24,-31,-45,-43,16
MM,Myanmar (Burma),,,,,,ChIJBylOcadSVjAREStiHOQOe7o,2021-05-27,-42,-22,-28,-43,-41,16
MM,Myanmar (Burma),,,,,,ChIJBylOcadSVjAREStiHOQOe7o,2021-05-28,-42,-19,-26,-43,-36,16
MM,Myanmar (Burma),,,,,,ChIJBylOcadSVjAREStiHOQOe7o,2021-05-29,-44,-21,-30,-42,-31,14
MM,Myanmar (Burma),,,,,,ChIJBylOcadSVjAREStiHOQOe7o,2021-05-30,-45,-23,-26,-44,-31,13
MM,Myanmar (Burma),,,,,,ChIJBylOcadSVjAREStiHOQOe7o,2021-05-31,-36,-10,-22,-36,-37,14
MM,Myanmar (Burma),,,,,,ChIJBylOcadSVjAREStiHOQOe7o,2021-06-01,-36,-12,-24,-38,-38,15
MM,Myanmar (Burma),,,,,,ChIJBylOcadSVjAREStiHOQOe7o,2021-06-02,-37,-14,-22,-38,-38,15
MM,Myanmar (Burma),,,,,,ChIJBylOcadSVjAREStiHOQOe7o,2021-06-03,-38,-16,-23,-38,-37,15
MM,Myanmar (Burma),,,,,,ChIJBylOcadSVjAREStiHOQOe7o,2021-06-04,-40,-16,-25,-40,-33,16
MM,Myanmar (Burma),,,,,,ChIJBylOcadSVjAREStiHOQOe7o,2021-06-05,-42,-18,-28,-40,-30,13
MM,Myanmar (Burma),,,,,,ChIJBylOcadSVjAREStiHOQOe7o,2021-06-06,-41,-16,-23,-37,-31,12
MM,Myanmar (Burma),,,,,,ChIJBylOcadSVjAREStiHOQOe7o,2021-06-07,-40,-18,-22,-38,-36,14
MM,Myanmar (Burma),,,,,,ChIJBylOcadSVjAREStiHOQOe7o,2021-06-08,-37,-14,-25,-37,-36,15
MM,Myanmar (Burma),,,,,,ChIJBylOcadSVjAREStiHOQOe7o,2021-06-09,-39,-19,-24,-40,-37,15
MM,Myanmar (Burma),,,,,,ChIJBylOcadSVjAREStiHOQOe7o,2021-06-10,-39,-18,-24,-39,-35,16
MM,Myanmar (Burma),,,,,,ChIJBylOcadSVjAREStiHOQOe7o,2021-06-11,-40,-16,-27,-40,-31,16
MM,Myanmar (Burma),,,,,,ChIJBylOcadSVjAREStiHOQOe7o,2021-06-12,-42,-19,-29,-39,-29,13
MM,Myanmar (Burma),,,,,,ChIJBylOcadSVjAREStiHOQOe7o,2021-06-13,-42,-19,-26,-38,-29,13
MM,Myanmar (Burma),,,,,,ChIJBylOcadSVjAREStiHOQOe7o,2021-06-14,-40,-17,-26,-37,-35,15
MM,Myanmar (Burma),,,,,,ChIJBylOcadSVjAREStiHOQOe7o,2021-06-15,-39,-18,-29,-38,-35,15
MM,Myanmar (Burma),,,,,,ChIJBylOcadSVjAREStiHOQOe7o,2021-06-16,-41,-21,-28,-40,-36,14
MM,Myanmar (Burma),,,,,,ChIJBylOcadSVjAREStiHOQOe7o,2021-06-17,-41,-22,-27,-40,-38,14
MM,Myanmar (Burma),,,,,,ChIJBylOcadSVjAREStiHOQOe7o,2021-06-18,-43,-21,-29,-42,-33,15
MM,Myanmar (Burma),,,,,,ChIJBylOcadSVjAREStiHOQOe7o,2021-06-19,-46,-25,-32,-43,-30,14
MM,Myanmar (Burma),,,,,,ChIJBylOcadSVjAREStiHOQOe7o,2021-06-20,-45,-23,-28,-42,-31,12
MM,Myanmar (Burma),,,,,,ChIJBylOcadSVjAREStiHOQOe7o,2021-06-21,-43,-21,-28,-40,-37,14
MM,Myanmar (Burma),,,,,,ChIJBylOcadSVjAREStiHOQOe7o,2021-06-22,-43,-23,-30,-41,-38,15
MM,Myanmar (Burma),,,,,,ChIJBylOcadSVjAREStiHOQOe7o,2021-06-23,-43,-20,-29,-40,-37,15
MM,Myanmar (Burma),,,,,,ChIJBylOcadSVjAREStiHOQOe7o,2021-06-24,-43,-26,-29,-42,-39,16
MM,Myanmar (Burma),,,Mandalay Metropolitan Area,,,ChIJV17FeINyyzARFEzz4Ue8Ypg,2021-01-01,-52,-28,-15,-50,-50,26
MM,Myanmar (Burma),,,Mandalay Metropolitan Area,,,ChIJV17FeINyyzARFEzz4Ue8Ypg,2021-01-02,-50,-26,-18,-44,-26,22
MM,Myanmar (Burma),,,Mandalay Metropolitan Area,,,ChIJV17FeINyyzARFEzz4Ue8Ypg,2021-01-03,-47,-24,-8,-45,-28,20
MM,Myanmar (Burma),,,Mandalay Metropolitan Area,,,ChIJV17FeINyyzARFEzz4Ue8Ypg,2021-01-04,-46,-24,-5,-48,-53,24
MM,Myanmar (Burma),,,Mandalay Metropolitan Area,,,ChIJV17FeINyyzARFEzz4Ue8Ypg,2021-01-05,-43,-20,1,-36,-36,20
MM,Myanmar (Burma),,,Mandalay Metropolitan Area,,,ChIJV17FeINyyzARFEzz4Ue8Ypg,2021-01-06,-42,-18,-8,-37,-40,20
MM,Myanmar (Burma),,,Mandalay Metropolitan Area,,,ChIJV17FeINyyzARFEzz4Ue8Ypg,2021-01-07,-42,-16,-2,-40,-35,21
MM,Myanmar (Burma),,,Mandalay Metropolitan Area,,,ChIJV17FeINyyzARFEzz4Ue8Ypg,2021-01-08,-44,-22,-9,-43,-29,22
MM,Myanmar (Burma),,,Mandalay Metropolitan Area,,,ChIJV17FeINyyzARFEzz4Ue8Ypg,2021-01-09,-45,-24,-15,-44,-21,18
MM,Myanmar (Burma),,,Mandalay Metropolitan Area,,,ChIJV17FeINyyzARFEzz4Ue8Ypg,2021-01-10,-42,-23,-16,-45,-28,18
MM,Myanmar (Burma),,,Mandalay Metropolitan Area,,,ChIJV17FeINyyzARFEzz4Ue8Ypg,2021-01-11,-39,-21,-9,-42,-33,19
MM,Myanmar (Burma),,,Mandalay Metropolitan Area,,,ChIJV17FeINyyzARFEzz4Ue8Ypg,2021-01-12,-41,-22,-8,-45,-42,19
MM,Myanmar (Burma),,,Mandalay Metropolitan Area,,,ChIJV17FeINyyzARFEzz4Ue8Ypg,2021-01-13,-43,-23,-12,-49,-50,19
MM,Myanmar (Burma),,,Mandalay Metropolitan Area,,,ChIJV17FeINyyzARFEzz4Ue8Ypg,2021-01-14,-44,-25,-13,-48,-40,17
MM,Myanmar (Burma),,,Mandalay Metropolitan Area,,,ChIJV17FeINyyzARFEzz4Ue8Ypg,2021-01-15,-48,-32,-23,-50,-37,18
MM,Myanmar (Burma),,,Mandalay Metropolitan Area,,,ChIJV17FeINyyzARFEzz4Ue8Ypg,2021-01-16,-49,-34,-29,-51,-30,16
MM,Myanmar (Burma),,,Mandalay Metropolitan Area,,,ChIJV17FeINyyzARFEzz4Ue8Ypg,2021-01-17,-48,-32,-24,-55,-37,16
MM,Myanmar (Burma),,,Mandalay Metropolitan Area,,,ChIJV17FeINyyzARFEzz4Ue8Ypg,2021-01-18,-44,-30,-20,-51,-40,18
MM,Myanmar (Burma),,,Mandalay Metropolitan Area,,,ChIJV17FeINyyzARFEzz4Ue8Ypg,2021-01-19,-44,-31,-20,-53,-41,17
MM,Myanmar (Burma),,,Mandalay Metropolitan Area,,,ChIJV17FeINyyzARFEzz4Ue8Ypg,2021-01-20,-43,-29,-18,-50,-45,18
MM,Myanmar (Burma),,,Mandalay Metropolitan Area,,,ChIJV17FeINyyzARFEzz4Ue8Ypg,2021-01-21,-42,-26,-15,-49,-40,19
MM,Myanmar (Burma),,,Mandalay Metropolitan Area,,,ChIJV17FeINyyzARFEzz4Ue8Ypg,2021-01-22,-44,-30,-17,-47,-33,19
MM,Myanmar (Burma),,,Mandalay Metropolitan Area,,,ChIJV17FeINyyzARFEzz4Ue8Ypg,2021-01-23,-45,-28,-26,-48,-26,16
MM,Myanmar (Burma),,,Mandalay Metropolitan Area,,,ChIJV17FeINyyzARFEzz4Ue8Ypg,2021-01-24,-44,-29,-21,-50,-34,16
MM,Myanmar (Burma),,,Mandalay Metropolitan Area,,,ChIJV17FeINyyzARFEzz4Ue8Ypg,2021-01-25,-40,-28,-18,-49,-38,18
MM,Myanmar (Burma),,,Mandalay Metropolitan Area,,,ChIJV17FeINyyzARFEzz4Ue8Ypg,2021-01-26,-38,-25,-15,-43,-38,17
MM,Myanmar (Burma),,,Mandalay Metropolitan Area,,,ChIJV17FeINyyzARFEzz4Ue8Ypg,2021-01-27,-40,-26,-16,-49,-44,17
MM,Myanmar (Burma),,,Mandalay Metropolitan Area,,,ChIJV17FeINyyzARFEzz4Ue8Ypg,2021-01-28,-38,-22,-14,-45,-37,18
MM,Myanmar (Burma),,,Mandalay Metropolitan Area,,,ChIJV17FeINyyzARFEzz4Ue8Ypg,2021-01-29,-39,-21,-15,-44,-29,17
MM,Myanmar (Burma),,,Mandalay Metropolitan Area,,,ChIJV17FeINyyzARFEzz4Ue8Ypg,2021-01-30,-39,-17,-11,-39,-23,12
MM,Myanmar (Burma),,,Mandalay Metropolitan Area,,,ChIJV17FeINyyzARFEzz4Ue8Ypg,2021-01-31,-36,-14,-4,-44,-31,11
MM,Myanmar (Burma),,,Mandalay Metropolitan Area,,,ChIJV17FeINyyzARFEzz4Ue8Ypg,2021-02-01,-55,-40,-36,-66,-48,13
MM,Myanmar (Burma),,,Mandalay Metropolitan Area,,,ChIJV17FeINyyzARFEzz4Ue8Ypg,2021-02-02,-42,-23,-22,-49,-40,17
MM,Myanmar (Burma),,,Mandalay Metropolitan Area,,,ChIJV17FeINyyzARFEzz4Ue8Ypg,2021-02-03,-41,-24,-22,-48,-39,17
MM,Myanmar (Burma),,,Mandalay Metropolitan Area,,,ChIJV17FeINyyzARFEzz4Ue8Ypg,2021-02-04,-40,-25,-14,-47,-42,12
MM,Myanmar (Burma),,,Mandalay Metropolitan Area,,,ChIJV17FeINyyzARFEzz4Ue8Ypg,2021-02-05,-44,-29,-19,-49,-34,13
MM,Myanmar (Burma),,,Mandalay Metropolitan Area,,,ChIJV17FeINyyzARFEzz4Ue8Ypg,2021-02-06,-83,-77,-74,-82,-67,2
MM,Myanmar (Burma),,,Mandalay Metropolitan Area,,,ChIJV17FeINyyzARFEzz4Ue8Ypg,2021-02-07,-54,-48,-27,-56,-45,-7
MM,Myanmar (Burma),,,Mandalay Metropolitan Area,,,ChIJV17FeINyyzARFEzz4Ue8Ypg,2021-02-08,-36,-31,12,-39,-57,16
MM,Myanmar (Burma),,,Mandalay Metropolitan Area,,,ChIJV17FeINyyzARFEzz4Ue8Ypg,2021-02-09,-44,-37,0,-57,-58,20
MM,Myanmar (Burma),,,Mandalay Metropolitan Area,,,ChIJV17FeINyyzARFEzz4Ue8Ypg,2021-02-10,-43,-34,13,-57,-57,19
MM,Myanmar (Burma),,,Mandalay Metropolitan Area,,,ChIJV17FeINyyzARFEzz4Ue8Ypg,2021-02-11,-41,-31,39,-56,-62,18
MM,Myanmar (Burma),,,Mandalay Metropolitan Area,,,ChIJV17FeINyyzARFEzz4Ue8Ypg,2021-02-12,-49,-38,30,-62,-63,19
MM,Myanmar (Burma),,,Mandalay Metropolitan Area,,,ChIJV17FeINyyzARFEzz4Ue8Ypg,2021-02-13,-50,-35,4,-61,-49,15
MM,Myanmar (Burma),,,Mandalay Metropolitan Area,,,ChIJV17FeINyyzARFEzz4Ue8Ypg,2021-02-14,-51,-34,-19,-61,-48,14
MM,Myanmar (Burma),,,Mandalay Metropolitan Area,,,ChIJV17FeINyyzARFEzz4Ue8Ypg,2021-02-15,-52,-40,-25,-54,-59,16
MM,Myanmar (Burma),,,Mandalay Metropolitan Area,,,ChIJV17FeINyyzARFEzz4Ue8Ypg,2021-02-16,-52,-39,-30,-63,-57,17
MM,Myanmar (Burma),,,Mandalay Metropolitan Area,,,ChIJV17FeINyyzARFEzz4Ue8Ypg,2021-02-17,-45,-30,-11,-53,-56,15
MM,Myanmar (Burma),,,Mandalay Metropolitan Area,,,ChIJV17FeINyyzARFEzz4Ue8Ypg,2021-02-18,-49,-32,-28,-59,-55,17
MM,Myanmar (Burma),,,Mandalay Metropolitan Area,,,ChIJV17FeINyyzARFEzz4Ue8Ypg,2021-02-19,-52,-37,-32,-62,-54,18
MM,Myanmar (Burma),,,Mandalay Metropolitan Area,,,ChIJV17FeINyyzARFEzz4Ue8Ypg,2021-02-20,-52,-34,-37,-56,-42,14
MM,Myanmar (Burma),,,Mandalay Metropolitan Area,,,ChIJV17FeINyyzARFEzz4Ue8Ypg,2021-02-21,-51,-29,-35,-59,-45,13
MM,Myanmar (Burma),,,Mandalay Metropolitan Area,,,ChIJV17FeINyyzARFEzz4Ue8Ypg,2021-02-22,-49,-53,33,-31,-78,18
MM,Myanmar (Burma),,,Mandalay Metropolitan Area,,,ChIJV17FeINyyzARFEzz4Ue8Ypg,2021-02-23,-54,-43,-39,-64,-57,17
MM,Myanmar (Burma),,,Mandalay Metropolitan Area,,,ChIJV17FeINyyzARFEzz4Ue8Ypg,2021-02-24,-51,-38,-17,-59,-54,15
MM,Myanmar (Burma),,,Mandalay Metropolitan Area,,,ChIJV17FeINyyzARFEzz4Ue8Ypg,2021-02-25,-49,-35,-20,-59,-54,14
MM,Myanmar (Burma),,,Mandalay Metropolitan Area,,,ChIJV17FeINyyzARFEzz4Ue8Ypg,2021-02-26,-53,-42,-18,-64,-57,16
MM,Myanmar (Burma),,,Mandalay Metropolitan Area,,,ChIJV17FeINyyzARFEzz4Ue8Ypg,2021-02-27,-54,-38,-37,-61,-42,14
MM,Myanmar (Burma),,,Mandalay Metropolitan Area,,,ChIJV17FeINyyzARFEzz4Ue8Ypg,2021-02-28,-56,-54,-25,-72,-63,17
MM,Myanmar (Burma),,,Mandalay Metropolitan Area,,,ChIJV17FeINyyzARFEzz4Ue8Ypg,2021-03-01,-57,-44,-41,-65,-61,19
MM,Myanmar (Burma),,,Mandalay Metropolitan Area,,,ChIJV17FeINyyzARFEzz4Ue8Ypg,2021-03-02,-57,-44,-36,-67,-66,20
MM,Myanmar (Burma),,,Mandalay Metropolitan Area,,,ChIJV17FeINyyzARFEzz4Ue8Ypg,2021-03-03,-61,-51,-45,-68,-61,20
MM,Myanmar (Burma),,,Mandalay Metropolitan Area,,,ChIJV17FeINyyzARFEzz4Ue8Ypg,2021-03-04,-59,-48,-43,-65,-64,22
MM,Myanmar (Burma),,,Mandalay Metropolitan Area,,,ChIJV17FeINyyzARFEzz4Ue8Ypg,2021-03-05,-61,-48,-44,-65,-57,21
MM,Myanmar (Burma),,,Mandalay Metropolitan Area,,,ChIJV17FeINyyzARFEzz4Ue8Ypg,2021-03-06,-61,-44,-46,-65,-53,18
MM,Myanmar (Burma),,,Mandalay Metropolitan Area,,,ChIJV17FeINyyzARFEzz4Ue8Ypg,2021-03-07,-59,-43,-42,-58,-52,16
MM,Myanmar (Burma),,,Mandalay Metropolitan Area,,,ChIJV17FeINyyzARFEzz4Ue8Ypg,2021-03-08,-65,-58,-43,-73,-68,23
MM,Myanmar (Burma),,,Mandalay Metropolitan Area,,,ChIJV17FeINyyzARFEzz4Ue8Ypg,2021-03-09,-61,-51,-44,-65,-64,22
MM,Myanmar (Burma),,,Mandalay Metropolitan Area,,,ChIJV17FeINyyzARFEzz4Ue8Ypg,2021-03-10,-60,-49,-42,-63,-62,21
MM,Myanmar (Burma),,,Mandalay Metropolitan Area,,,ChIJV17FeINyyzARFEzz4Ue8Ypg,2021-03-11,-61,-48,-43,-67,-61,21
MM,Myanmar (Burma),,,Mandalay Metropolitan Area,,,ChIJV17FeINyyzARFEzz4Ue8Ypg,2021-03-12,-64,-53,-48,-70,-63,22
MM,Myanmar (Burma),,,Mandalay Metropolitan Area,,,ChIJV17FeINyyzARFEzz4Ue8Ypg,2021-03-13,-64,-51,-44,-66,-51,19
MM,Myanmar (Burma),,,Mandalay Metropolitan Area,,,ChIJV17FeINyyzARFEzz4Ue8Ypg,2021-03-14,-64,-51,-46,-68,-54,17
MM,Myanmar (Burma),,,Mandalay Metropolitan Area,,,ChIJV17FeINyyzARFEzz4Ue8Ypg,2021-03-15,-75,-70,-73,-83,-73,21
MM,Myanmar (Burma),,,Mandalay Metropolitan Area,,,ChIJV17FeINyyzARFEzz4Ue8Ypg,2021-03-16,-72,-66,-70,-81,-71,21
MM,Myanmar (Burma),,,Mandalay Metropolitan Area,,,ChIJV17FeINyyzARFEzz4Ue8Ypg,2021-03-17,-71,-67,-68,-79,-71,19
MM,Myanmar (Burma),,,Mandalay Metropolitan Area,,,ChIJV17FeINyyzARFEzz4Ue8Ypg,2021-03-18,-75,-73,-71,-83,-72,20
MM,Myanmar (Burma),,,Mandalay Metropolitan Area,,,ChIJV17FeINyyzARFEzz4Ue8Ypg,2021-03-19,-76,-71,-71,-85,-67,19
MM,Myanmar (Burma),,,Mandalay Metropolitan Area,,,ChIJV17FeINyyzARFEzz4Ue8Ypg,2021-03-20,-76,-71,-70,-82,-65,16
MM,Myanmar (Burma),,,Mandalay Metropolitan Area,,,ChIJV17FeINyyzARFEzz4Ue8Ypg,2021-03-21,-74,-69,-70,-83,-64,15
MM,Myanmar (Burma),,,Mandalay Metropolitan Area,,,ChIJV17FeINyyzARFEzz4Ue8Ypg,2021-03-22,-73,-69,-66,-80,-70,19
MM,Myanmar (Burma),,,Mandalay Metropolitan Area,,,ChIJV17FeINyyzARFEzz4Ue8Ypg,2021-03-23,-72,-68,-66,-77,-71,18
MM,Myanmar (Burma),,,Mandalay Metropolitan Area,,,ChIJV17FeINyyzARFEzz4Ue8Ypg,2021-03-24,-80,-78,-69,-83,-78,23
MM,Myanmar (Burma),,,Mandalay Metropolitan Area,,,ChIJV17FeINyyzARFEzz4Ue8Ypg,2021-03-25,-71,-64,-65,-77,-70,18
MM,Myanmar (Burma),,,Mandalay Metropolitan Area,,,ChIJV17FeINyyzARFEzz4Ue8Ypg,2021-03-26,-75,-69,-69,-80,-73,21
MM,Myanmar (Burma),,,Mandalay Metropolitan Area,,,ChIJV17FeINyyzARFEzz4Ue8Ypg,2021-03-27,-89,-88,-77,-92,-85,30
MM,Myanmar (Burma),,,Mandalay Metropolitan Area,,,ChIJV17FeINyyzARFEzz4Ue8Ypg,2021-03-28,-82,-78,-73,-87,-76,22
MM,Myanmar (Burma),,,Mandalay Metropolitan Area,,,ChIJV17FeINyyzARFEzz4Ue8Ypg,2021-03-29,-79,-74,-69,-82,-80,25
MM,Myanmar (Burma),,,Mandalay Metropolitan Area,,,ChIJV17FeINyyzARFEzz4Ue8Ypg,2021-03-30,-76,-71,-69,-80,-73,22
MM,Myanmar (Burma),,,Mandalay Metropolitan Area,,,ChIJV17FeINyyzARFEzz4Ue8Ypg,2021-03-31,-72,-67,-66,-79,-70,18
MM,Myanmar (Burma),,,Mandalay Metropolitan Area,,,ChIJV17FeINyyzARFEzz4Ue8Ypg,2021-04-01,-75,-71,-63,-80,-71,20
MM,Myanmar (Burma),,,Mandalay Metropolitan Area,,,ChIJV17FeINyyzARFEzz4Ue8Ypg,2021-04-02,-75,-69,-69,-81,-68,21
MM,Myanmar (Burma),,,Mandalay Metropolitan Area,,,ChIJV17FeINyyzARFEzz4Ue8Ypg,2021-04-03,-75,-70,-68,-80,-61,17
MM,Myanmar (Burma),,,Mandalay Metropolitan Area,,,ChIJV17FeINyyzARFEzz4Ue8Ypg,2021-04-04,-76,-71,-69,-81,-67,17
MM,Myanmar (Burma),,,Mandalay Metropolitan Area,,,ChIJV17FeINyyzARFEzz4Ue8Ypg,2021-04-05,-73,-68,-69,-78,-69,19
MM,Myanmar (Burma),,,Mandalay Metropolitan Area,,,ChIJV17FeINyyzARFEzz4Ue8Ypg,2021-04-06,-73,-68,-68,-80,-69,19
MM,Myanmar (Burma),,,Mandalay Metropolitan Area,,,ChIJV17FeINyyzARFEzz4Ue8Ypg,2021-04-07,-71,-65,-65,-78,-69,18
MM,Myanmar (Burma),,,Mandalay Metropolitan Area,,,ChIJV17FeINyyzARFEzz4Ue8Ypg,2021-04-08,-72,-66,-66,-78,-68,19
MM,Myanmar (Burma),,,Mandalay Metropolitan Area,,,ChIJV17FeINyyzARFEzz4Ue8Ypg,2021-04-09,-74,-68,-67,-80,-65,20
MM,Myanmar (Burma),,,Mandalay Metropolitan Area,,,ChIJV17FeINyyzARFEzz4Ue8Ypg,2021-04-10,-74,-68,-69,-78,-61,16
MM,Myanmar (Burma),,,Mandalay Metropolitan Area,,,ChIJV17FeINyyzARFEzz4Ue8Ypg,2021-04-11,-74,-67,-66,-79,-66,15
MM,Myanmar (Burma),,,Mandalay Metropolitan Area,,,ChIJV17FeINyyzARFEzz4Ue8Ypg,2021-04-12,-73,-66,-67,-80,-76,18
MM,Myanmar (Burma),,,Mandalay Metropolitan Area,,,ChIJV17FeINyyzARFEzz4Ue8Ypg,2021-04-13,-79,-76,-71,-86,-83,22
MM,Myanmar (Burma),,,Mandalay Metropolitan Area,,,ChIJV17FeINyyzARFEzz4Ue8Ypg,2021-04-14,-81,-78,-73,-87,-84,24
MM,Myanmar (Burma),,,Mandalay Metropolitan Area,,,ChIJV17FeINyyzARFEzz4Ue8Ypg,2021-04-15,-82,-80,-72,-88,-84,27
MM,Myanmar (Burma),,,Mandalay Metropolitan Area,,,ChIJV17FeINyyzARFEzz4Ue8Ypg,2021-04-16,-83,-80,-75,-87,-82,28
MM,Myanmar (Burma),,,Mandalay Metropolitan Area,,,ChIJV17FeINyyzARFEzz4Ue8Ypg,2021-04-17,-82,-80,-74,-87,-77,22
MM,Myanmar (Burma),,,Mandalay Metropolitan Area,,,ChIJV17FeINyyzARFEzz4Ue8Ypg,2021-04-18,-75,-69,-69,-78,-66,15
MM,Myanmar (Burma),,,Mandalay Metropolitan Area,,,ChIJV17FeINyyzARFEzz4Ue8Ypg,2021-04-19,-74,-70,-66,-78,-75,20
MM,Myanmar (Burma),,,Mandalay Metropolitan Area,,,ChIJV17FeINyyzARFEzz4Ue8Ypg,2021-04-20,-71,-65,-67,-76,-66,18
MM,Myanmar (Burma),,,Mandalay Metropolitan Area,,,ChIJV17FeINyyzARFEzz4Ue8Ypg,2021-04-21,-71,-66,-62,-75,-66,18
MM,Myanmar (Burma),,,Mandalay Metropolitan Area,,,ChIJV17FeINyyzARFEzz4Ue8Ypg,2021-04-22,-72,-66,-64,-78,-65,19
MM,Myanmar (Burma),,,Mandalay Metropolitan Area,,,ChIJV17FeINyyzARFEzz4Ue8Ypg,2021-04-23,-73,-68,-64,-78,-61,20
MM,Myanmar (Burma),,,Mandalay Metropolitan Area,,,ChIJV17FeINyyzARFEzz4Ue8Ypg,2021-04-24,-73,-68,-66,-79,-55,17
MM,Myanmar (Burma),,,Mandalay Metropolitan Area,,,ChIJV17FeINyyzARFEzz4Ue8Ypg,2021-04-25,-72,-67,-62,-78,-58,16
MM,Myanmar (Burma),,,Mandalay Metropolitan Area,,,ChIJV17FeINyyzARFEzz4Ue8Ypg,2021-04-26,-69,-64,-64,-78,-66,17
MM,Myanmar (Burma),,,Mandalay Metropolitan Area,,,ChIJV17FeINyyzARFEzz4Ue8Ypg,2021-04-27,-69,-64,-61,-75,-63,18
MM,Myanmar (Burma),,,Mandalay Metropolitan Area,,,ChIJV17FeINyyzARFEzz4Ue8Ypg,2021-04-28,-66,-60,-58,-73,-63,16
MM,Myanmar (Burma),,,Mandalay Metropolitan Area,,,ChIJV17FeINyyzARFEzz4Ue8Ypg,2021-04-29,-66,-60,-56,-72,-61,18
MM,Myanmar (Burma),,,Mandalay Metropolitan Area,,,ChIJV17FeINyyzARFEzz4Ue8Ypg,2021-04-30,-67,-60,-55,-71,-62,19
MM,Myanmar (Burma),,,Mandalay Metropolitan Area,,,ChIJV17FeINyyzARFEzz4Ue8Ypg,2021-05-01,-69,-62,-60,-72,-58,16
MM,Myanmar (Burma),,,Mandalay Metropolitan Area,,,ChIJV17FeINyyzARFEzz4Ue8Ypg,2021-05-02,-78,-76,-70,-82,-67,22
MM,Myanmar (Burma),,,Mandalay Metropolitan Area,,,ChIJV17FeINyyzARFEzz4Ue8Ypg,2021-05-03,-65,-59,-54,-71,-60,16
MM,Myanmar (Burma),,,Mandalay Metropolitan Area,,,ChIJV17FeINyyzARFEzz4Ue8Ypg,2021-05-04,-62,-55,-46,-70,-62,14
MM,Myanmar (Burma),,,Mandalay Metropolitan Area,,,ChIJV17FeINyyzARFEzz4Ue8Ypg,2021-05-05,-59,-50,-44,-63,-58,13
MM,Myanmar (Burma),,,Mandalay Metropolitan Area,,,ChIJV17FeINyyzARFEzz4Ue8Ypg,2021-05-06,-60,-52,-43,-66,-57,15
MM,Myanmar (Burma),,,Mandalay Metropolitan Area,,,ChIJV17FeINyyzARFEzz4Ue8Ypg,2021-05-07,-61,-52,-45,-63,-51,16
MM,Myanmar (Burma),,,Mandalay Metropolitan Area,,,ChIJV17FeINyyzARFEzz4Ue8Ypg,2021-05-08,-61,-52,-44,-64,-43,13
MM,Myanmar (Burma),,,Mandalay Metropolitan Area,,,ChIJV17FeINyyzARFEzz4Ue8Ypg,2021-05-09,-60,-49,-36,-62,-48,12
MM,Myanmar (Burma),,,Mandalay Metropolitan Area,,,ChIJV17FeINyyzARFEzz4Ue8Ypg,2021-05-10,-57,-48,-35,-60,-59,14
MM,Myanmar (Burma),,,Mandalay Metropolitan Area,,,ChIJV17FeINyyzARFEzz4Ue8Ypg,2021-05-11,-57,-48,-39,-57,-55,14
MM,Myanmar (Burma),,,Mandalay Metropolitan Area,,,ChIJV17FeINyyzARFEzz4Ue8Ypg,2021-05-12,-58,-48,-39,-57,-57,16
MM,Myanmar (Burma),,,Mandalay Metropolitan Area,,,ChIJV17FeINyyzARFEzz4Ue8Ypg,2021-05-13,-53,-39,-28,-56,-54,15
MM,Myanmar (Burma),,,Mandalay Metropolitan Area,,,ChIJV17FeINyyzARFEzz4Ue8Ypg,2021-05-14,-54,-41,-31,-56,-50,15
MM,Myanmar (Burma),,,Mandalay Metropolitan Area,,,ChIJV17FeINyyzARFEzz4Ue8Ypg,2021-05-15,-56,-43,-33,-52,-43,13
MM,Myanmar (Burma),,,Mandalay Metropolitan Area,,,ChIJV17FeINyyzARFEzz4Ue8Ypg,2021-05-16,-56,-43,-34,-55,-45,13
MM,Myanmar (Burma),,,Mandalay Metropolitan Area,,,ChIJV17FeINyyzARFEzz4Ue8Ypg,2021-05-17,-54,-44,-32,-56,-53,15
MM,Myanmar (Burma),,,Mandalay Metropolitan Area,,,ChIJV17FeINyyzARFEzz4Ue8Ypg,2021-05-18,-54,-44,-29,-53,-56,14
MM,Myanmar (Burma),,,Mandalay Metropolitan Area,,,ChIJV17FeINyyzARFEzz4Ue8Ypg,2021-05-19,-51,-38,-23,-51,-52,13
MM,Myanmar (Burma),,,Mandalay Metropolitan Area,,,ChIJV17FeINyyzARFEzz4Ue8Ypg,2021-05-20,-51,-38,-25,-53,-51,16
MM,Myanmar (Burma),,,Mandalay Metropolitan Area,,,ChIJV17FeINyyzARFEzz4Ue8Ypg,2021-05-21,-53,-37,-22,-55,-44,16
MM,Myanmar (Burma),,,Mandalay Metropolitan Area,,,ChIJV17FeINyyzARFEzz4Ue8Ypg,2021-05-22,-53,-38,-28,-51,-37,14
MM,Myanmar (Burma),,,Mandalay Metropolitan Area,,,ChIJV17FeINyyzARFEzz4Ue8Ypg,2021-05-23,-55,-41,-25,-53,-43,14
MM,Myanmar (Burma),,,Mandalay Metropolitan Area,,,ChIJV17FeINyyzARFEzz4Ue8Ypg,2021-05-24,-48,-33,-16,-49,-51,14
MM,Myanmar (Burma),,,Mandalay Metropolitan Area,,,ChIJV17FeINyyzARFEzz4Ue8Ypg,2021-05-25,-54,-42,-14,-57,-69,18
MM,Myanmar (Burma),,,Mandalay Metropolitan Area,,,ChIJV17FeINyyzARFEzz4Ue8Ypg,2021-05-26,-47,-31,-18,-49,-50,14
MM,Myanmar (Burma),,,Mandalay Metropolitan Area,,,ChIJV17FeINyyzARFEzz4Ue8Ypg,2021-05-27,-46,-29,-13,-49,-49,16
MM,Myanmar (Burma),,,Mandalay Metropolitan Area,,,ChIJV17FeINyyzARFEzz4Ue8Ypg,2021-05-28,-48,-30,-7,-51,-40,15
MM,Myanmar (Burma),,,Mandalay Metropolitan Area,,,ChIJV17FeINyyzARFEzz4Ue8Ypg,2021-05-29,-49,-30,-13,-45,-32,12
MM,Myanmar (Burma),,,Mandalay Metropolitan Area,,,ChIJV17FeINyyzARFEzz4Ue8Ypg,2021-05-30,-48,-30,-11,-52,-39,12
MM,Myanmar (Burma),,,Mandalay Metropolitan Area,,,ChIJV17FeINyyzARFEzz4Ue8Ypg,2021-05-31,-41,-24,-4,-44,-46,12
MM,Myanmar (Burma),,,Mandalay Metropolitan Area,,,ChIJV17FeINyyzARFEzz4Ue8Ypg,2021-06-01,-42,-26,-8,-44,-45,14
MM,Myanmar (Burma),,,Mandalay Metropolitan Area,,,ChIJV17FeINyyzARFEzz4Ue8Ypg,2021-06-02,-42,-26,-1,-45,-50,14
MM,Myanmar (Burma),,,Mandalay Metropolitan Area,,,ChIJV17FeINyyzARFEzz4Ue8Ypg,2021-06-03,-41,-21,-1,-47,-45,14
MM,Myanmar (Burma),,,Mandalay Metropolitan Area,,,ChIJV17FeINyyzARFEzz4Ue8Ypg,2021-06-04,-45,-26,-12,-46,-38,15
MM,Myanmar (Burma),,,Mandalay Metropolitan Area,,,ChIJV17FeINyyzARFEzz4Ue8Ypg,2021-06-05,-46,-25,-11,-45,-32,12
MM,Myanmar (Burma),,,Mandalay Metropolitan Area,,,ChIJV17FeINyyzARFEzz4Ue8Ypg,2021-06-06,-44,-24,-6,-45,-39,12
MM,Myanmar (Burma),,,Mandalay Metropolitan Area,,,ChIJV17FeINyyzARFEzz4Ue8Ypg,2021-06-07,-40,-23,-6,-43,-44,14
MM,Myanmar (Burma),,,Mandalay Metropolitan Area,,,ChIJV17FeINyyzARFEzz4Ue8Ypg,2021-06-08,-40,-23,-1,-42,-43,14
MM,Myanmar (Burma),,,Mandalay Metropolitan Area,,,ChIJV17FeINyyzARFEzz4Ue8Ypg,2021-06-09,-43,-29,-7,-45,-51,15
MM,Myanmar (Burma),,,Mandalay Metropolitan Area,,,ChIJV17FeINyyzARFEzz4Ue8Ypg,2021-06-10,-40,-17,-1,-44,-43,15
MM,Myanmar (Burma),,,Mandalay Metropolitan Area,,,ChIJV17FeINyyzARFEzz4Ue8Ypg,2021-06-11,-41,-22,-8,-45,-36,15
MM,Myanmar (Burma),,,Mandalay Metropolitan Area,,,ChIJV17FeINyyzARFEzz4Ue8Ypg,2021-06-12,-44,-22,-14,-40,-31,12
MM,Myanmar (Burma),,,Mandalay Metropolitan Area,,,ChIJV17FeINyyzARFEzz4Ue8Ypg,2021-06-13,-43,-21,-9,-42,-37,12
MM,Myanmar (Burma),,,Mandalay Metropolitan Area,,,ChIJV17FeINyyzARFEzz4Ue8Ypg,2021-06-14,-38,-17,-5,-41,-43,13
MM,Myanmar (Burma),,,Mandalay Metropolitan Area,,,ChIJV17FeINyyzARFEzz4Ue8Ypg,2021-06-15,-38,-17,-3,-40,-42,13
MM,Myanmar (Burma),,,Mandalay Metropolitan Area,,,ChIJV17FeINyyzARFEzz4Ue8Ypg,2021-06-16,-38,-18,-8,-43,-44,11
MM,Myanmar (Burma),,,Mandalay Metropolitan Area,,,ChIJV17FeINyyzARFEzz4Ue8Ypg,2021-06-17,-41,-21,-9,-45,-50,13
MM,Myanmar (Burma),,,Mandalay Metropolitan Area,,,ChIJV17FeINyyzARFEzz4Ue8Ypg,2021-06-18,-44,-25,-20,-45,-39,14
MM,Myanmar (Burma),,,Mandalay Metropolitan Area,,,ChIJV17FeINyyzARFEzz4Ue8Ypg,2021-06-19,-47,-27,-21,-44,-32,12
MM,Myanmar (Burma),,,Mandalay Metropolitan Area,,,ChIJV17FeINyyzARFEzz4Ue8Ypg,2021-06-20,-47,-26,-14,-49,-40,10
MM,Myanmar (Burma),,,Mandalay Metropolitan Area,,,ChIJV17FeINyyzARFEzz4Ue8Ypg,2021-06-21,-42,-23,-15,-44,-46,12
MM,Myanmar (Burma),,,Mandalay Metropolitan Area,,,ChIJV17FeINyyzARFEzz4Ue8Ypg,2021-06-22,-55,-39,-22,-54,-49,17
MM,Myanmar (Burma),,,Mandalay Metropolitan Area,,,ChIJV17FeINyyzARFEzz4Ue8Ypg,2021-06-23,-48,-28,-22,-48,-49,16
MM,Myanmar (Burma),,,Mandalay Metropolitan Area,,,ChIJV17FeINyyzARFEzz4Ue8Ypg,2021-06-24,-48,-28,-6,-53,-54,17
MM,Myanmar (Burma),,,Yangon Metropolitan Area,,,ChIJaTGaEOaTwTARRIAA3x6u8OE,2021-01-01,-47,-14,-51,-32,-64,30
MM,Myanmar (Burma),,,Yangon Metropolitan Area,,,ChIJaTGaEOaTwTARRIAA3x6u8OE,2021-01-02,-46,-17,-50,-25,-29,22
MM,Myanmar (Burma),,,Yangon Metropolitan Area,,,ChIJaTGaEOaTwTARRIAA3x6u8OE,2021-01-03,-45,-15,-49,-22,-16,19
MM,Myanmar (Burma),,,Yangon Metropolitan Area,,,ChIJaTGaEOaTwTARRIAA3x6u8OE,2021-01-04,-42,-16,-46,-28,-67,30
MM,Myanmar (Burma),,,Yangon Metropolitan Area,,,ChIJaTGaEOaTwTARRIAA3x6u8OE,2021-01-05,-38,-10,-36,-14,-30,20
MM,Myanmar (Burma),,,Yangon Metropolitan Area,,,ChIJaTGaEOaTwTARRIAA3x6u8OE,2021-01-06,-38,-10,-39,-16,-30,21
MM,Myanmar (Burma),,,Yangon Metropolitan Area,,,ChIJaTGaEOaTwTARRIAA3x6u8OE,2021-01-07,-37,-10,-40,-17,-29,21
MM,Myanmar (Burma),,,Yangon Metropolitan Area,,,ChIJaTGaEOaTwTARRIAA3x6u8OE,2021-01-08,-39,-9,-40,-21,-27,22
MM,Myanmar (Burma),,,Yangon Metropolitan Area,,,ChIJaTGaEOaTwTARRIAA3x6u8OE,2021-01-09,-40,-14,-47,-21,-17,18
MM,Myanmar (Burma),,,Yangon Metropolitan Area,,,ChIJaTGaEOaTwTARRIAA3x6u8OE,2021-01-10,-39,-12,-48,-21,-17,17
MM,Myanmar (Burma),,,Yangon Metropolitan Area,,,ChIJaTGaEOaTwTARRIAA3x6u8OE,2021-01-11,-36,-14,-36,-21,-28,20
MM,Myanmar (Burma),,,Yangon Metropolitan Area,,,ChIJaTGaEOaTwTARRIAA3x6u8OE,2021-01-12,-35,-13,-40,-21,-30,20
MM,Myanmar (Burma),,,Yangon Metropolitan Area,,,ChIJaTGaEOaTwTARRIAA3x6u8OE,2021-01-13,-40,-15,-49,-31,-60,25
MM,Myanmar (Burma),,,Yangon Metropolitan Area,,,ChIJaTGaEOaTwTARRIAA3x6u8OE,2021-01-14,-41,-21,-49,-29,-34,19
MM,Myanmar (Burma),,,Yangon Metropolitan Area,,,ChIJaTGaEOaTwTARRIAA3x6u8OE,2021-01-15,-42,-19,-50,-31,-33,19
MM,Myanmar (Burma),,,Yangon Metropolitan Area,,,ChIJaTGaEOaTwTARRIAA3x6u8OE,2021-01-16,-45,-25,-54,-32,-27,16
MM,Myanmar (Burma),,,Yangon Metropolitan Area,,,ChIJaTGaEOaTwTARRIAA3x6u8OE,2021-01-17,-44,-23,-54,-30,-26,16
MM,Myanmar (Burma),,,Yangon Metropolitan Area,,,ChIJaTGaEOaTwTARRIAA3x6u8OE,2021-01-18,-40,-23,-45,-28,-34,19
MM,Myanmar (Burma),,,Yangon Metropolitan Area,,,ChIJaTGaEOaTwTARRIAA3x6u8OE,2021-01-19,-40,-22,-45,-28,-35,19
MM,Myanmar (Burma),,,Yangon Metropolitan Area,,,ChIJaTGaEOaTwTARRIAA3x6u8OE,2021-01-20,-41,-22,-49,-30,-33,20
MM,Myanmar (Burma),,,Yangon Metropolitan Area,,,ChIJaTGaEOaTwTARRIAA3x6u8OE,2021-01-21,-41,-22,-48,-29,-33,20
MM,Myanmar (Burma),,,Yangon Metropolitan Area,,,ChIJaTGaEOaTwTARRIAA3x6u8OE,2021-01-22,-40,-17,-46,-29,-30,20
MM,Myanmar (Burma),,,Yangon Metropolitan Area,,,ChIJaTGaEOaTwTARRIAA3x6u8OE,2021-01-23,-42,-21,-49,-27,-23,17
MM,Myanmar (Burma),,,Yangon Metropolitan Area,,,ChIJaTGaEOaTwTARRIAA3x6u8OE,2021-01-24,-43,-20,-50,-27,-22,16
MM,Myanmar (Burma),,,Yangon Metropolitan Area,,,ChIJaTGaEOaTwTARRIAA3x6u8OE,2021-01-25,-37,-19,-39,-24,-31,19
MM,Myanmar (Burma),,,Yangon Metropolitan Area,,,ChIJaTGaEOaTwTARRIAA3x6u8OE,2021-01-26,-37,-18,-41,-26,-32,19
MM,Myanmar (Burma),,,Yangon Metropolitan Area,,,ChIJaTGaEOaTwTARRIAA3x6u8OE,2021-01-27,-39,-21,-45,-28,-31,19
MM,Myanmar (Burma),,,Yangon Metropolitan Area,,,ChIJaTGaEOaTwTARRIAA3x6u8OE,2021-01-28,-38,-17,-45,-26,-30,19
MM,Myanmar (Burma),,,Yangon Metropolitan Area,,,ChIJaTGaEOaTwTARRIAA3x6u8OE,2021-01-29,-34,-6,-43,-22,-26,19
MM,Myanmar (Burma),,,Yangon Metropolitan Area,,,ChIJaTGaEOaTwTARRIAA3x6u8OE,2021-01-30,-34,-6,-44,-18,-19,14
MM,Myanmar (Burma),,,Yangon Metropolitan Area,,,ChIJaTGaEOaTwTARRIAA3x6u8OE,2021-01-31,-33,-2,-46,-16,-19,13
MM,Myanmar (Burma),,,Yangon Metropolitan Area,,,ChIJaTGaEOaTwTARRIAA3x6u8OE,2021-02-01,-54,-23,-56,-46,-49,22
MM,Myanmar (Burma),,,Yangon Metropolitan Area,,,ChIJaTGaEOaTwTARRIAA3x6u8OE,2021-02-02,-48,-22,-52,-40,-45,27
MM,Myanmar (Burma),,,Yangon Metropolitan Area,,,ChIJaTGaEOaTwTARRIAA3x6u8OE,2021-02-03,-46,-20,-51,-37,-38,24
MM,Myanmar (Burma),,,Yangon Metropolitan Area,,,ChIJaTGaEOaTwTARRIAA3x6u8OE,2021-02-04,-45,-23,-52,-35,-35,16
MM,Myanmar (Burma),,,Yangon Metropolitan Area,,,ChIJaTGaEOaTwTARRIAA3x6u8OE,2021-02-05,-47,-22,-52,-37,-36,18
MM,Myanmar (Burma),,,Yangon Metropolitan Area,,,ChIJaTGaEOaTwTARRIAA3x6u8OE,2021-02-06,-84,-75,-83,-75,-65,4
MM,Myanmar (Burma),,,Yangon Metropolitan Area,,,ChIJaTGaEOaTwTARRIAA3x6u8OE,2021-02-07,-54,-36,-55,-34,-36,-3
MM,Myanmar (Burma),,,Yangon Metropolitan Area,,,ChIJaTGaEOaTwTARRIAA3x6u8OE,2021-02-08,-27,-12,-15,4,-59,21
MM,Myanmar (Burma),,,Yangon Metropolitan Area,,,ChIJaTGaEOaTwTARRIAA3x6u8OE,2021-02-09,-43,-25,-43,-23,-65,27
MM,Myanmar (Burma),,,Yangon Metropolitan Area,,,ChIJaTGaEOaTwTARRIAA3x6u8OE,2021-02-10,-46,-23,-31,-29,-61,26
MM,Myanmar (Burma),,,Yangon Metropolitan Area,,,ChIJaTGaEOaTwTARRIAA3x6u8OE,2021-02-11,-42,-23,-34,-29,-61,24
MM,Myanmar (Burma),,,Yangon Metropolitan Area,,,ChIJaTGaEOaTwTARRIAA3x6u8OE,2021-02-12,-40,-20,-30,-25,-74,26
MM,Myanmar (Burma),,,Yangon Metropolitan Area,,,ChIJaTGaEOaTwTARRIAA3x6u8OE,2021-02-13,-48,-30,-43,-36,-54,20
MM,Myanmar (Burma),,,Yangon Metropolitan Area,,,ChIJaTGaEOaTwTARRIAA3x6u8OE,2021-02-14,-52,-29,-54,-43,-41,18
MM,Myanmar (Burma),,,Yangon Metropolitan Area,,,ChIJaTGaEOaTwTARRIAA3x6u8OE,2021-02-15,-52,-35,-52,-49,-59,25
MM,Myanmar (Burma),,,Yangon Metropolitan Area,,,ChIJaTGaEOaTwTARRIAA3x6u8OE,2021-02-16,-51,-33,-51,-48,-57,24
MM,Myanmar (Burma),,,Yangon Metropolitan Area,,,ChIJaTGaEOaTwTARRIAA3x6u8OE,2021-02-17,-44,-27,-42,-34,-57,23
MM,Myanmar (Burma),,,Yangon Metropolitan Area,,,ChIJaTGaEOaTwTARRIAA3x6u8OE,2021-02-18,-50,-31,-55,-43,-56,25
MM,Myanmar (Burma),,,Yangon Metropolitan Area,,,ChIJaTGaEOaTwTARRIAA3x6u8OE,2021-02-19,-51,-28,-56,-46,-54,25
MM,Myanmar (Burma),,,Yangon Metropolitan Area,,,ChIJaTGaEOaTwTARRIAA3x6u8OE,2021-02-20,-51,-29,-54,-45,-43,19
MM,Myanmar (Burma),,,Yangon Metropolitan Area,,,ChIJaTGaEOaTwTARRIAA3x6u8OE,2021-02-21,-54,-28,-58,-45,-36,15
MM,Myanmar (Burma),,,Yangon Metropolitan Area,,,ChIJaTGaEOaTwTARRIAA3x6u8OE,2021-02-22,-54,-53,-28,-39,-82,27
MM,Myanmar (Burma),,,Yangon Metropolitan Area,,,ChIJaTGaEOaTwTARRIAA3x6u8OE,2021-02-23,-55,-36,-62,-52,-58,23
MM,Myanmar (Burma),,,Yangon Metropolitan Area,,,ChIJaTGaEOaTwTARRIAA3x6u8OE,2021-02-24,-53,-33,-59,-48,-55,21
MM,Myanmar (Burma),,,Yangon Metropolitan Area,,,ChIJaTGaEOaTwTARRIAA3x6u8OE,2021-02-25,-50,-31,-57,-44,-54,21
MM,Myanmar (Burma),,,Yangon Metropolitan Area,,,ChIJaTGaEOaTwTARRIAA3x6u8OE,2021-02-26,-55,-33,-59,-48,-53,23
MM,Myanmar (Burma),,,Yangon Metropolitan Area,,,ChIJaTGaEOaTwTARRIAA3x6u8OE,2021-02-27,-58,-35,-64,-51,-43,19
MM,Myanmar (Burma),,,Yangon Metropolitan Area,,,ChIJaTGaEOaTwTARRIAA3x6u8OE,2021-02-28,-62,-48,-57,-47,-55,20
MM,Myanmar (Burma),,,Yangon Metropolitan Area,,,ChIJaTGaEOaTwTARRIAA3x6u8OE,2021-03-01,-61,-39,-64,-55,-62,27
MM,Myanmar (Burma),,,Yangon Metropolitan Area,,,ChIJaTGaEOaTwTARRIAA3x6u8OE,2021-03-02,-63,-41,-67,-56,-76,30
MM,Myanmar (Burma),,,Yangon Metropolitan Area,,,ChIJaTGaEOaTwTARRIAA3x6u8OE,2021-03-03,-65,-44,-64,-57,-62,27
MM,Myanmar (Burma),,,Yangon Metropolitan Area,,,ChIJaTGaEOaTwTARRIAA3x6u8OE,2021-03-04,-70,-51,-71,-63,-70,32
MM,Myanmar (Burma),,,Yangon Metropolitan Area,,,ChIJaTGaEOaTwTARRIAA3x6u8OE,2021-03-05,-67,-41,-68,-60,-67,30
MM,Myanmar (Burma),,,Yangon Metropolitan Area,,,ChIJaTGaEOaTwTARRIAA3x6u8OE,2021-03-06,-67,-40,-68,-59,-57,24
MM,Myanmar (Burma),,,Yangon Metropolitan Area,,,ChIJaTGaEOaTwTARRIAA3x6u8OE,2021-03-07,-68,-43,-69,-59,-51,21
MM,Myanmar (Burma),,,Yangon Metropolitan Area,,,ChIJaTGaEOaTwTARRIAA3x6u8OE,2021-03-08,-71,-54,-69,-65,-72,32
MM,Myanmar (Burma),,,Yangon Metropolitan Area,,,ChIJaTGaEOaTwTARRIAA3x6u8OE,2021-03-09,-69,-50,-70,-63,-70,31
MM,Myanmar (Burma),,,Yangon Metropolitan Area,,,ChIJaTGaEOaTwTARRIAA3x6u8OE,2021-03-10,-70,-52,-71,-64,-68,30
MM,Myanmar (Burma),,,Yangon Metropolitan Area,,,ChIJaTGaEOaTwTARRIAA3x6u8OE,2021-03-11,-70,-52,-71,-65,-68,31
MM,Myanmar (Burma),,,Yangon Metropolitan Area,,,ChIJaTGaEOaTwTARRIAA3x6u8OE,2021-03-12,-70,-50,-72,-65,-66,31
MM,Myanmar (Burma),,,Yangon Metropolitan Area,,,ChIJaTGaEOaTwTARRIAA3x6u8OE,2021-03-13,-71,-52,-73,-65,-58,25
MM,Myanmar (Burma),,,Yangon Metropolitan Area,,,ChIJaTGaEOaTwTARRIAA3x6u8OE,2021-03-14,-72,-52,-74,-63,-54,21
MM,Myanmar (Burma),,,Yangon Metropolitan Area,,,ChIJaTGaEOaTwTARRIAA3x6u8OE,2021-03-15,-83,-73,-87,-84,-84,29
MM,Myanmar (Burma),,,Yangon Metropolitan Area,,,ChIJaTGaEOaTwTARRIAA3x6u8OE,2021-03-16,-82,-71,-87,-82,-83,32
MM,Myanmar (Burma),,,Yangon Metropolitan Area,,,ChIJaTGaEOaTwTARRIAA3x6u8OE,2021-03-17,-82,-71,-86,-82,-81,29
MM,Myanmar (Burma),,,Yangon Metropolitan Area,,,ChIJaTGaEOaTwTARRIAA3x6u8OE,2021-03-18,-85,-77,-89,-86,-83,33
MM,Myanmar (Burma),,,Yangon Metropolitan Area,,,ChIJaTGaEOaTwTARRIAA3x6u8OE,2021-03-19,-85,-75,-88,-86,-81,33
MM,Myanmar (Burma),,,Yangon Metropolitan Area,,,ChIJaTGaEOaTwTARRIAA3x6u8OE,2021-03-20,-85,-76,-88,-86,-76,27
MM,Myanmar (Burma),,,Yangon Metropolitan Area,,,ChIJaTGaEOaTwTARRIAA3x6u8OE,2021-03-21,-84,-74,-87,-85,-69,23
MM,Myanmar (Burma),,,Yangon Metropolitan Area,,,ChIJaTGaEOaTwTARRIAA3x6u8OE,2021-03-22,-81,-71,-85,-82,-77,29
MM,Myanmar (Burma),,,Yangon Metropolitan Area,,,ChIJaTGaEOaTwTARRIAA3x6u8OE,2021-03-23,-80,-70,-84,-82,-77,29
MM,Myanmar (Burma),,,Yangon Metropolitan Area,,,ChIJaTGaEOaTwTARRIAA3x6u8OE,2021-03-24,-88,-84,-89,-87,-84,35
MM,Myanmar (Burma),,,Yangon Metropolitan Area,,,ChIJaTGaEOaTwTARRIAA3x6u8OE,2021-03-25,-78,-66,-84,-80,-75,28
MM,Myanmar (Burma),,,Yangon Metropolitan Area,,,ChIJaTGaEOaTwTARRIAA3x6u8OE,2021-03-26,-81,-66,-86,-82,-83,33
MM,Myanmar (Burma),,,Yangon Metropolitan Area,,,ChIJaTGaEOaTwTARRIAA3x6u8OE,2021-03-27,-91,-86,-91,-90,-86,35
MM,Myanmar (Burma),,,Yangon Metropolitan Area,,,ChIJaTGaEOaTwTARRIAA3x6u8OE,2021-03-28,-86,-77,-88,-85,-70,25
MM,Myanmar (Burma),,,Yangon Metropolitan Area,,,ChIJaTGaEOaTwTARRIAA3x6u8OE,2021-03-29,-83,-73,-86,-84,-84,34
MM,Myanmar (Burma),,,Yangon Metropolitan Area,,,ChIJaTGaEOaTwTARRIAA3x6u8OE,2021-03-30,-81,-71,-85,-81,-75,30
MM,Myanmar (Burma),,,Yangon Metropolitan Area,,,ChIJaTGaEOaTwTARRIAA3x6u8OE,2021-03-31,-81,-70,-85,-81,-75,28
MM,Myanmar (Burma),,,Yangon Metropolitan Area,,,ChIJaTGaEOaTwTARRIAA3x6u8OE,2021-04-01,-80,-69,-85,-81,-74,28
MM,Myanmar (Burma),,,Yangon Metropolitan Area,,,ChIJaTGaEOaTwTARRIAA3x6u8OE,2021-04-02,-81,-69,-86,-82,-74,29
MM,Myanmar (Burma),,,Yangon Metropolitan Area,,,ChIJaTGaEOaTwTARRIAA3x6u8OE,2021-04-03,-81,-70,-86,-83,-68,24
MM,Myanmar (Burma),,,Yangon Metropolitan Area,,,ChIJaTGaEOaTwTARRIAA3x6u8OE,2021-04-04,-82,-70,-86,-82,-63,20
MM,Myanmar (Burma),,,Yangon Metropolitan Area,,,ChIJaTGaEOaTwTARRIAA3x6u8OE,2021-04-05,-81,-73,-85,-82,-74,28
MM,Myanmar (Burma),,,Yangon Metropolitan Area,,,ChIJaTGaEOaTwTARRIAA3x6u8OE,2021-04-06,-79,-68,-84,-80,-73,26
MM,Myanmar (Burma),,,Yangon Metropolitan Area,,,ChIJaTGaEOaTwTARRIAA3x6u8OE,2021-04-07,-78,-66,-84,-79,-72,26
MM,Myanmar (Burma),,,Yangon Metropolitan Area,,,ChIJaTGaEOaTwTARRIAA3x6u8OE,2021-04-08,-78,-66,-84,-78,-72,26
MM,Myanmar (Burma),,,Yangon Metropolitan Area,,,ChIJaTGaEOaTwTARRIAA3x6u8OE,2021-04-09,-78,-65,-85,-79,-72,26
MM,Myanmar (Burma),,,Yangon Metropolitan Area,,,ChIJaTGaEOaTwTARRIAA3x6u8OE,2021-04-10,-80,-68,-85,-81,-68,21
MM,Myanmar (Burma),,,Yangon Metropolitan Area,,,ChIJaTGaEOaTwTARRIAA3x6u8OE,2021-04-11,-82,-70,-86,-82,-63,19
MM,Myanmar (Burma),,,Yangon Metropolitan Area,,,ChIJaTGaEOaTwTARRIAA3x6u8OE,2021-04-12,-79,-66,-84,-80,-78,26
MM,Myanmar (Burma),,,Yangon Metropolitan Area,,,ChIJaTGaEOaTwTARRIAA3x6u8OE,2021-04-13,-86,-78,-88,-86,-87,34
MM,Myanmar (Burma),,,Yangon Metropolitan Area,,,ChIJaTGaEOaTwTARRIAA3x6u8OE,2021-04-14,-89,-82,-90,-89,-89,37
MM,Myanmar (Burma),,,Yangon Metropolitan Area,,,ChIJaTGaEOaTwTARRIAA3x6u8OE,2021-04-15,-88,-82,-90,-88,-88,37
MM,Myanmar (Burma),,,Yangon Metropolitan Area,,,ChIJaTGaEOaTwTARRIAA3x6u8OE,2021-04-16,-88,-82,-90,-89,-88,39
MM,Myanmar (Burma),,,Yangon Metropolitan Area,,,ChIJaTGaEOaTwTARRIAA3x6u8OE,2021-04-17,-89,-82,-90,-88,-82,30
MM,Myanmar (Burma),,,Yangon Metropolitan Area,,,ChIJaTGaEOaTwTARRIAA3x6u8OE,2021-04-18,-84,-73,-87,-83,-64,21
MM,Myanmar (Burma),,,Yangon Metropolitan Area,,,ChIJaTGaEOaTwTARRIAA3x6u8OE,2021-04-19,-80,-69,-85,-80,-81,29
MM,Myanmar (Burma),,,Yangon Metropolitan Area,,,ChIJaTGaEOaTwTARRIAA3x6u8OE,2021-04-20,-77,-67,-84,-78,-69,26
MM,Myanmar (Burma),,,Yangon Metropolitan Area,,,ChIJaTGaEOaTwTARRIAA3x6u8OE,2021-04-21,-77,-66,-84,-78,-69,25
MM,Myanmar (Burma),,,Yangon Metropolitan Area,,,ChIJaTGaEOaTwTARRIAA3x6u8OE,2021-04-22,-77,-66,-84,-78,-68,26
MM,Myanmar (Burma),,,Yangon Metropolitan Area,,,ChIJaTGaEOaTwTARRIAA3x6u8OE,2021-04-23,-77,-66,-84,-77,-66,26
MM,Myanmar (Burma),,,Yangon Metropolitan Area,,,ChIJaTGaEOaTwTARRIAA3x6u8OE,2021-04-24,-78,-67,-84,-78,-61,22
MM,Myanmar (Burma),,,Yangon Metropolitan Area,,,ChIJaTGaEOaTwTARRIAA3x6u8OE,2021-04-25,-77,-65,-83,-76,-55,19
MM,Myanmar (Burma),,,Yangon Metropolitan Area,,,ChIJaTGaEOaTwTARRIAA3x6u8OE,2021-04-26,-73,-64,-79,-74,-65,23
MM,Myanmar (Burma),,,Yangon Metropolitan Area,,,ChIJaTGaEOaTwTARRIAA3x6u8OE,2021-04-27,-73,-61,-80,-73,-65,23
MM,Myanmar (Burma),,,Yangon Metropolitan Area,,,ChIJaTGaEOaTwTARRIAA3x6u8OE,2021-04-28,-72,-60,-80,-72,-64,23
MM,Myanmar (Burma),,,Yangon Metropolitan Area,,,ChIJaTGaEOaTwTARRIAA3x6u8OE,2021-04-29,-71,-60,-80,-71,-63,23
MM,Myanmar (Burma),,,Yangon Metropolitan Area,,,ChIJaTGaEOaTwTARRIAA3x6u8OE,2021-04-30,-71,-54,-80,-70,-74,26
MM,Myanmar (Burma),,,Yangon Metropolitan Area,,,ChIJaTGaEOaTwTARRIAA3x6u8OE,2021-05-01,-74,-61,-81,-73,-68,21
MM,Myanmar (Burma),,,Yangon Metropolitan Area,,,ChIJaTGaEOaTwTARRIAA3x6u8OE,2021-05-02,-78,-66,-83,-75,-57,21
MM,Myanmar (Burma),,,Yangon Metropolitan Area,,,ChIJaTGaEOaTwTARRIAA3x6u8OE,2021-05-03,-68,-56,-75,-67,-61,19
MM,Myanmar (Burma),,,Yangon Metropolitan Area,,,ChIJaTGaEOaTwTARRIAA3x6u8OE,2021-05-04,-67,-52,-74,-64,-61,18
MM,Myanmar (Burma),,,Yangon Metropolitan Area,,,ChIJaTGaEOaTwTARRIAA3x6u8OE,2021-05-05,-64,-48,-72,-61,-58,17
MM,Myanmar (Burma),,,Yangon Metropolitan Area,,,ChIJaTGaEOaTwTARRIAA3x6u8OE,2021-05-06,-65,-49,-73,-61,-58,18
MM,Myanmar (Burma),,,Yangon Metropolitan Area,,,ChIJaTGaEOaTwTARRIAA3x6u8OE,2021-05-07,-63,-44,-70,-59,-55,18
MM,Myanmar (Burma),,,Yangon Metropolitan Area,,,ChIJaTGaEOaTwTARRIAA3x6u8OE,2021-05-08,-64,-46,-70,-58,-48,15
MM,Myanmar (Burma),,,Yangon Metropolitan Area,,,ChIJaTGaEOaTwTARRIAA3x6u8OE,2021-05-09,-63,-43,-69,-55,-42,13
MM,Myanmar (Burma),,,Yangon Metropolitan Area,,,ChIJaTGaEOaTwTARRIAA3x6u8OE,2021-05-10,-59,-42,-62,-52,-55,18
MM,Myanmar (Burma),,,Yangon Metropolitan Area,,,ChIJaTGaEOaTwTARRIAA3x6u8OE,2021-05-11,-58,-39,-64,-51,-55,18
MM,Myanmar (Burma),,,Yangon Metropolitan Area,,,ChIJaTGaEOaTwTARRIAA3x6u8OE,2021-05-12,-57,-36,-64,-50,-54,19
MM,Myanmar (Burma),,,Yangon Metropolitan Area,,,ChIJaTGaEOaTwTARRIAA3x6u8OE,2021-05-13,-56,-35,-62,-49,-53,19
MM,Myanmar (Burma),,,Yangon Metropolitan Area,,,ChIJaTGaEOaTwTARRIAA3x6u8OE,2021-05-14,-56,-31,-59,-47,-52,19
MM,Myanmar (Burma),,,Yangon Metropolitan Area,,,ChIJaTGaEOaTwTARRIAA3x6u8OE,2021-05-15,-58,-35,-62,-49,-46,15
MM,Myanmar (Burma),,,Yangon Metropolitan Area,,,ChIJaTGaEOaTwTARRIAA3x6u8OE,2021-05-16,-59,-35,-62,-48,-37,13
MM,Myanmar (Burma),,,Yangon Metropolitan Area,,,ChIJaTGaEOaTwTARRIAA3x6u8OE,2021-05-17,-54,-33,-56,-46,-49,18
MM,Myanmar (Burma),,,Yangon Metropolitan Area,,,ChIJaTGaEOaTwTARRIAA3x6u8OE,2021-05-18,-54,-33,-57,-46,-50,19
MM,Myanmar (Burma),,,Yangon Metropolitan Area,,,ChIJaTGaEOaTwTARRIAA3x6u8OE,2021-05-19,-55,-32,-60,-48,-49,18
MM,Myanmar (Burma),,,Yangon Metropolitan Area,,,ChIJaTGaEOaTwTARRIAA3x6u8OE,2021-05-20,-54,-32,-59,-51,-48,19
MM,Myanmar (Burma),,,Yangon Metropolitan Area,,,ChIJaTGaEOaTwTARRIAA3x6u8OE,2021-05-21,-55,-31,-58,-48,-46,21
MM,Myanmar (Burma),,,Yangon Metropolitan Area,,,ChIJaTGaEOaTwTARRIAA3x6u8OE,2021-05-22,-57,-33,-61,-47,-39,16
MM,Myanmar (Burma),,,Yangon Metropolitan Area,,,ChIJaTGaEOaTwTARRIAA3x6u8OE,2021-05-23,-59,-36,-60,-48,-35,16
MM,Myanmar (Burma),,,Yangon Metropolitan Area,,,ChIJaTGaEOaTwTARRIAA3x6u8OE,2021-05-24,-54,-33,-54,-46,-49,19
MM,Myanmar (Burma),,,Yangon Metropolitan Area,,,ChIJaTGaEOaTwTARRIAA3x6u8OE,2021-05-25,-57,-38,-60,-54,-74,27
MM,Myanmar (Burma),,,Yangon Metropolitan Area,,,ChIJaTGaEOaTwTARRIAA3x6u8OE,2021-05-26,-55,-33,-58,-47,-46,20
MM,Myanmar (Burma),,,Yangon Metropolitan Area,,,ChIJaTGaEOaTwTARRIAA3x6u8OE,2021-05-27,-51,-29,-57,-45,-44,20
MM,Myanmar (Burma),,,Yangon Metropolitan Area,,,ChIJaTGaEOaTwTARRIAA3x6u8OE,2021-05-28,-50,-25,-52,-44,-39,20
MM,Myanmar (Burma),,,Yangon Metropolitan Area,,,ChIJaTGaEOaTwTARRIAA3x6u8OE,2021-05-29,-53,-28,-57,-44,-34,17
MM,Myanmar (Burma),,,Yangon Metropolitan Area,,,ChIJaTGaEOaTwTARRIAA3x6u8OE,2021-05-30,-55,-30,-57,-45,-32,16
MM,Myanmar (Burma),,,Yangon Metropolitan Area,,,ChIJaTGaEOaTwTARRIAA3x6u8OE,2021-05-31,-44,-21,-46,-36,-38,18
MM,Myanmar (Burma),,,Yangon Metropolitan Area,,,ChIJaTGaEOaTwTARRIAA3x6u8OE,2021-06-01,-45,-21,-49,-38,-41,19
MM,Myanmar (Burma),,,Yangon Metropolitan Area,,,ChIJaTGaEOaTwTARRIAA3x6u8OE,2021-06-02,-46,-22,-51,-39,-40,19
MM,Myanmar (Burma),,,Yangon Metropolitan Area,,,ChIJaTGaEOaTwTARRIAA3x6u8OE,2021-06-03,-46,-22,-52,-39,-39,19
MM,Myanmar (Burma),,,Yangon Metropolitan Area,,,ChIJaTGaEOaTwTARRIAA3x6u8OE,2021-06-04,-47,-20,-51,-40,-35,19
MM,Myanmar (Burma),,,Yangon Metropolitan Area,,,ChIJaTGaEOaTwTARRIAA3x6u8OE,2021-06-05,-50,-24,-54,-40,-31,16
MM,Myanmar (Burma),,,Yangon Metropolitan Area,,,ChIJaTGaEOaTwTARRIAA3x6u8OE,2021-06-06,-48,-19,-51,-36,-31,14
MM,Myanmar (Burma),,,Yangon Metropolitan Area,,,ChIJaTGaEOaTwTARRIAA3x6u8OE,2021-06-07,-49,-30,-46,-38,-38,18
MM,Myanmar (Burma),,,Yangon Metropolitan Area,,,ChIJaTGaEOaTwTARRIAA3x6u8OE,2021-06-08,-44,-21,-48,-36,-39,19
MM,Myanmar (Burma),,,Yangon Metropolitan Area,,,ChIJaTGaEOaTwTARRIAA3x6u8OE,2021-06-09,-46,-23,-50,-40,-38,19
MM,Myanmar (Burma),,,Yangon Metropolitan Area,,,ChIJaTGaEOaTwTARRIAA3x6u8OE,2021-06-10,-47,-24,-53,-40,-37,20
MM,Myanmar (Burma),,,Yangon Metropolitan Area,,,ChIJaTGaEOaTwTARRIAA3x6u8OE,2021-06-11,-47,-21,-51,-39,-33,20
MM,Myanmar (Burma),,,Yangon Metropolitan Area,,,ChIJaTGaEOaTwTARRIAA3x6u8OE,2021-06-12,-50,-27,-56,-39,-31,16
MM,Myanmar (Burma),,,Yangon Metropolitan Area,,,ChIJaTGaEOaTwTARRIAA3x6u8OE,2021-06-13,-50,-24,-54,-37,-30,15
MM,Myanmar (Burma),,,Yangon Metropolitan Area,,,ChIJaTGaEOaTwTARRIAA3x6u8OE,2021-06-14,-47,-27,-48,-36,-36,18
MM,Myanmar (Burma),,,Yangon Metropolitan Area,,,ChIJaTGaEOaTwTARRIAA3x6u8OE,2021-06-15,-47,-25,-53,-37,-38,19
MM,Myanmar (Burma),,,Yangon Metropolitan Area,,,ChIJaTGaEOaTwTARRIAA3x6u8OE,2021-06-16,-49,-28,-53,-39,-37,19
MM,Myanmar (Burma),,,Yangon Metropolitan Area,,,ChIJaTGaEOaTwTARRIAA3x6u8OE,2021-06-17,-48,-27,-55,-40,-38,19
MM,Myanmar (Burma),,,Yangon Metropolitan Area,,,ChIJaTGaEOaTwTARRIAA3x6u8OE,2021-06-18,-50,-26,-55,-42,-35,19
MM,Myanmar (Burma),,,Yangon Metropolitan Area,,,ChIJaTGaEOaTwTARRIAA3x6u8OE,2021-06-19,-54,-32,-59,-43,-32,16
MM,Myanmar (Burma),,,Yangon Metropolitan Area,,,ChIJaTGaEOaTwTARRIAA3x6u8OE,2021-06-20,-51,-28,-57,-40,-31,14
MM,Myanmar (Burma),,,Yangon Metropolitan Area,,,ChIJaTGaEOaTwTARRIAA3x6u8OE,2021-06-21,-49,-29,-51,-38,-38,18
MM,Myanmar (Burma),,,Yangon Metropolitan Area,,,ChIJaTGaEOaTwTARRIAA3x6u8OE,2021-06-22,-48,-28,-52,-40,-40,19
MM,Myanmar (Burma),,,Yangon Metropolitan Area,,,ChIJaTGaEOaTwTARRIAA3x6u8OE,2021-06-23,-48,-25,-54,-39,-37,19
MM,Myanmar (Burma),,,Yangon Metropolitan Area,,,ChIJaTGaEOaTwTARRIAA3x6u8OE,2021-06-24,-49,-29,-56,-42,-38,20
