country_region_code,country_region,sub_region_1,sub_region_2,metro_area,iso_3166_2_code,census_fips_code,place_id,date,retail_and_recreation_percent_change_from_baseline,grocery_and_pharmacy_percent_change_from_baseline,parks_percent_change_from_baseline,transit_stations_percent_change_from_baseline,workplaces_percent_change_from_baseline,residential_percent_change_from_baseline
QA,Qatar,,,,,,ChIJf-jc_zTFRT4RMkArgc-I-hw,2021-01-01,-8,16,9,-3,-2,2
QA,Qatar,,,,,,ChIJf-jc_zTFRT4RMkArgc-I-hw,2021-01-02,-6,19,1,1,1,2
QA,Qatar,,,,,,ChIJf-jc_zTFRT4RMkArgc-I-hw,2021-01-03,-2,23,4,3,-4,3
QA,Qatar,,,,,,ChIJf-jc_zTFRT4RMkArgc-I-hw,2021-01-04,-4,20,-6,6,-4,2
QA,Qatar,,,,,,ChIJf-jc_zTFRT4RMkArgc-I-hw,2021-01-05,-6,17,-1,5,-5,1
QA,Qatar,,,,,,ChIJf-jc_zTFRT4RMkArgc-I-hw,2021-01-06,-6,16,-6,3,-4,2
QA,Qatar,,,,,,ChIJf-jc_zTFRT4RMkArgc-I-hw,2021-01-07,-4,20,1,4,-4,2
QA,Qatar,,,,,,ChIJf-jc_zTFRT4RMkArgc-I-hw,2021-01-08,-7,18,3,-4,-1,1
QA,Qatar,,,,,,ChIJf-jc_zTFRT4RMkArgc-I-hw,2021-01-09,-7,16,-3,0,2,0
QA,Qatar,,,,,,ChIJf-jc_zTFRT4RMkArgc-I-hw,2021-01-10,-2,18,0,0,-4,1
QA,Qatar,,,,,,ChIJf-jc_zTFRT4RMkArgc-I-hw,2021-01-11,-5,16,-12,3,-4,1
QA,Qatar,,,,,,ChIJf-jc_zTFRT4RMkArgc-I-hw,2021-01-12,-7,13,-8,2,-6,1
QA,Qatar,,,,,,ChIJf-jc_zTFRT4RMkArgc-I-hw,2021-01-13,-8,10,-14,-4,-6,0
QA,Qatar,,,,,,ChIJf-jc_zTFRT4RMkArgc-I-hw,2021-01-14,-7,11,-10,-4,-9,0
QA,Qatar,,,,,,ChIJf-jc_zTFRT4RMkArgc-I-hw,2021-01-15,-10,8,-2,-13,-9,-1
QA,Qatar,,,,,,ChIJf-jc_zTFRT4RMkArgc-I-hw,2021-01-16,-11,8,-10,-8,-6,0
QA,Qatar,,,,,,ChIJf-jc_zTFRT4RMkArgc-I-hw,2021-01-17,-7,11,-6,-6,-9,1
QA,Qatar,,,,,,ChIJf-jc_zTFRT4RMkArgc-I-hw,2021-01-18,-9,9,-14,-3,-8,1
QA,Qatar,,,,,,ChIJf-jc_zTFRT4RMkArgc-I-hw,2021-01-19,-10,7,-11,-4,-9,1
QA,Qatar,,,,,,ChIJf-jc_zTFRT4RMkArgc-I-hw,2021-01-20,-11,6,-15,-7,-7,1
QA,Qatar,,,,,,ChIJf-jc_zTFRT4RMkArgc-I-hw,2021-01-21,-12,7,-24,-7,-7,3
QA,Qatar,,,,,,ChIJf-jc_zTFRT4RMkArgc-I-hw,2021-01-22,-15,4,-29,-21,-6,4
QA,Qatar,,,,,,ChIJf-jc_zTFRT4RMkArgc-I-hw,2021-01-23,-12,7,-15,-11,-2,2
QA,Qatar,,,,,,ChIJf-jc_zTFRT4RMkArgc-I-hw,2021-01-24,-8,10,-9,-9,-6,2
QA,Qatar,,,,,,ChIJf-jc_zTFRT4RMkArgc-I-hw,2021-01-25,-10,8,-16,-5,-6,2
QA,Qatar,,,,,,ChIJf-jc_zTFRT4RMkArgc-I-hw,2021-01-26,-11,6,-12,-5,-7,1
QA,Qatar,,,,,,ChIJf-jc_zTFRT4RMkArgc-I-hw,2021-01-27,-10,7,-16,-7,-6,1
QA,Qatar,,,,,,ChIJf-jc_zTFRT4RMkArgc-I-hw,2021-01-28,-5,14,-11,-3,-6,1
QA,Qatar,,,,,,ChIJf-jc_zTFRT4RMkArgc-I-hw,2021-01-29,-7,13,-3,-14,-4,0
QA,Qatar,,,,,,ChIJf-jc_zTFRT4RMkArgc-I-hw,2021-01-30,-5,16,-6,-5,-1,-2
QA,Qatar,,,,,,ChIJf-jc_zTFRT4RMkArgc-I-hw,2021-01-31,-1,21,-3,-4,-5,-1
QA,Qatar,,,,,,ChIJf-jc_zTFRT4RMkArgc-I-hw,2021-02-01,-2,19,-11,-1,-7,-1
QA,Qatar,,,,,,ChIJf-jc_zTFRT4RMkArgc-I-hw,2021-02-02,-2,18,-8,0,-7,-2
QA,Qatar,,,,,,ChIJf-jc_zTFRT4RMkArgc-I-hw,2021-02-03,-6,14,-12,-6,-6,-1
QA,Qatar,,,,,,ChIJf-jc_zTFRT4RMkArgc-I-hw,2021-02-04,-7,15,-13,-8,-7,1
QA,Qatar,,,,,,ChIJf-jc_zTFRT4RMkArgc-I-hw,2021-02-05,-11,13,-14,-20,-5,2
QA,Qatar,,,,,,ChIJf-jc_zTFRT4RMkArgc-I-hw,2021-02-06,-9,13,-11,-11,-2,0
QA,Qatar,,,,,,ChIJf-jc_zTFRT4RMkArgc-I-hw,2021-02-07,-5,15,-6,-10,-7,1
QA,Qatar,,,,,,ChIJf-jc_zTFRT4RMkArgc-I-hw,2021-02-08,1,20,-9,-1,-9,-1
QA,Qatar,,,,,,ChIJf-jc_zTFRT4RMkArgc-I-hw,2021-02-09,-3,24,16,-19,-61,19
QA,Qatar,,,,,,ChIJf-jc_zTFRT4RMkArgc-I-hw,2021-02-10,-10,10,-16,-10,-8,2
QA,Qatar,,,,,,ChIJf-jc_zTFRT4RMkArgc-I-hw,2021-02-11,-10,11,-12,-11,-9,2
QA,Qatar,,,,,,ChIJf-jc_zTFRT4RMkArgc-I-hw,2021-02-12,-14,10,-14,-24,-5,2
QA,Qatar,,,,,,ChIJf-jc_zTFRT4RMkArgc-I-hw,2021-02-13,-10,13,-11,-15,-4,-1
QA,Qatar,,,,,,ChIJf-jc_zTFRT4RMkArgc-I-hw,2021-02-14,-3,18,-4,-11,-7,-1
QA,Qatar,,,,,,ChIJf-jc_zTFRT4RMkArgc-I-hw,2021-02-15,-8,12,-15,-9,-9,-1
QA,Qatar,,,,,,ChIJf-jc_zTFRT4RMkArgc-I-hw,2021-02-16,-9,11,-11,-9,-9,-1
QA,Qatar,,,,,,ChIJf-jc_zTFRT4RMkArgc-I-hw,2021-02-17,-10,10,-15,-10,-8,-1
QA,Qatar,,,,,,ChIJf-jc_zTFRT4RMkArgc-I-hw,2021-02-18,-9,14,-11,-9,-8,0
QA,Qatar,,,,,,ChIJf-jc_zTFRT4RMkArgc-I-hw,2021-02-19,-15,9,-24,-22,-6,1
QA,Qatar,,,,,,ChIJf-jc_zTFRT4RMkArgc-I-hw,2021-02-20,-12,10,-14,-14,-3,-1
QA,Qatar,,,,,,ChIJf-jc_zTFRT4RMkArgc-I-hw,2021-02-21,-7,16,-6,-10,-7,-1
QA,Qatar,,,,,,ChIJf-jc_zTFRT4RMkArgc-I-hw,2021-02-22,-9,11,-16,-8,-8,-1
QA,Qatar,,,,,,ChIJf-jc_zTFRT4RMkArgc-I-hw,2021-02-23,-10,10,-13,-9,-9,-1
QA,Qatar,,,,,,ChIJf-jc_zTFRT4RMkArgc-I-hw,2021-02-24,-11,9,-15,-11,-7,-1
QA,Qatar,,,,,,ChIJf-jc_zTFRT4RMkArgc-I-hw,2021-02-25,-8,13,-16,-9,-8,0
QA,Qatar,,,,,,ChIJf-jc_zTFRT4RMkArgc-I-hw,2021-02-26,-12,12,-20,-20,-6,1
QA,Qatar,,,,,,ChIJf-jc_zTFRT4RMkArgc-I-hw,2021-02-27,-9,13,-15,-11,-3,-1
QA,Qatar,,,,,,ChIJf-jc_zTFRT4RMkArgc-I-hw,2021-02-28,-2,22,-7,-6,-7,-2
QA,Qatar,,,,,,ChIJf-jc_zTFRT4RMkArgc-I-hw,2021-03-01,-3,19,-15,-3,-8,-2
QA,Qatar,,,,,,ChIJf-jc_zTFRT4RMkArgc-I-hw,2021-03-02,-4,18,-12,-3,-9,-2
QA,Qatar,,,,,,ChIJf-jc_zTFRT4RMkArgc-I-hw,2021-03-03,-5,18,-14,-6,-8,-2
QA,Qatar,,,,,,ChIJf-jc_zTFRT4RMkArgc-I-hw,2021-03-04,-4,21,-8,-5,-8,-1
QA,Qatar,,,,,,ChIJf-jc_zTFRT4RMkArgc-I-hw,2021-03-05,-9,17,-23,-18,-6,1
QA,Qatar,,,,,,ChIJf-jc_zTFRT4RMkArgc-I-hw,2021-03-06,-7,18,-16,-9,-4,-1
QA,Qatar,,,,,,ChIJf-jc_zTFRT4RMkArgc-I-hw,2021-03-07,-3,22,-4,-7,-9,-1
QA,Qatar,,,,,,ChIJf-jc_zTFRT4RMkArgc-I-hw,2021-03-08,-4,18,-13,-5,-9,-1
QA,Qatar,,,,,,ChIJf-jc_zTFRT4RMkArgc-I-hw,2021-03-09,-5,17,-10,-5,-10,-1
QA,Qatar,,,,,,ChIJf-jc_zTFRT4RMkArgc-I-hw,2021-03-10,-6,15,-14,-8,-8,-1
QA,Qatar,,,,,,ChIJf-jc_zTFRT4RMkArgc-I-hw,2021-03-11,-5,18,-7,-7,-9,0
QA,Qatar,,,,,,ChIJf-jc_zTFRT4RMkArgc-I-hw,2021-03-12,-11,14,-18,-20,-6,1
QA,Qatar,,,,,,ChIJf-jc_zTFRT4RMkArgc-I-hw,2021-03-13,-10,13,-22,-13,-5,0
QA,Qatar,,,,,,ChIJf-jc_zTFRT4RMkArgc-I-hw,2021-03-14,-3,20,0,-8,-11,-1
QA,Qatar,,,,,,ChIJf-jc_zTFRT4RMkArgc-I-hw,2021-03-15,-5,16,-8,-5,-12,0
QA,Qatar,,,,,,ChIJf-jc_zTFRT4RMkArgc-I-hw,2021-03-16,-6,14,-5,-6,-12,0
QA,Qatar,,,,,,ChIJf-jc_zTFRT4RMkArgc-I-hw,2021-03-17,-8,13,-9,-9,-11,0
QA,Qatar,,,,,,ChIJf-jc_zTFRT4RMkArgc-I-hw,2021-03-18,-7,15,-7,-9,-11,1
QA,Qatar,,,,,,ChIJf-jc_zTFRT4RMkArgc-I-hw,2021-03-19,-12,13,-9,-22,-6,1
QA,Qatar,,,,,,ChIJf-jc_zTFRT4RMkArgc-I-hw,2021-03-20,-10,14,-12,-12,-4,0
QA,Qatar,,,,,,ChIJf-jc_zTFRT4RMkArgc-I-hw,2021-03-21,-4,19,-3,-9,-8,0
QA,Qatar,,,,,,ChIJf-jc_zTFRT4RMkArgc-I-hw,2021-03-22,-7,14,-13,-7,-9,0
QA,Qatar,,,,,,ChIJf-jc_zTFRT4RMkArgc-I-hw,2021-03-23,-8,12,-11,-9,-10,0
QA,Qatar,,,,,,ChIJf-jc_zTFRT4RMkArgc-I-hw,2021-03-24,-9,12,-14,-11,-9,0
QA,Qatar,,,,,,ChIJf-jc_zTFRT4RMkArgc-I-hw,2021-03-25,-7,15,-11,-10,-10,1
QA,Qatar,,,,,,ChIJf-jc_zTFRT4RMkArgc-I-hw,2021-03-26,-17,9,-24,-26,-7,3
QA,Qatar,,,,,,ChIJf-jc_zTFRT4RMkArgc-I-hw,2021-03-27,-12,12,-15,-14,-5,1
QA,Qatar,,,,,,ChIJf-jc_zTFRT4RMkArgc-I-hw,2021-03-28,-5,19,-9,-11,-11,1
QA,Qatar,,,,,,ChIJf-jc_zTFRT4RMkArgc-I-hw,2021-03-29,-5,18,-17,-8,-12,1
QA,Qatar,,,,,,ChIJf-jc_zTFRT4RMkArgc-I-hw,2021-03-30,-5,18,-11,-7,-12,1
QA,Qatar,,,,,,ChIJf-jc_zTFRT4RMkArgc-I-hw,2021-03-31,-5,19,-13,-7,-12,1
QA,Qatar,,,,,,ChIJf-jc_zTFRT4RMkArgc-I-hw,2021-04-01,-5,19,-13,-9,-12,2
QA,Qatar,,,,,,ChIJf-jc_zTFRT4RMkArgc-I-hw,2021-04-02,-14,13,-24,-22,-8,3
QA,Qatar,,,,,,ChIJf-jc_zTFRT4RMkArgc-I-hw,2021-04-03,-9,15,-22,-12,-6,1
QA,Qatar,,,,,,ChIJf-jc_zTFRT4RMkArgc-I-hw,2021-04-04,-2,22,-8,-8,-13,2
QA,Qatar,,,,,,ChIJf-jc_zTFRT4RMkArgc-I-hw,2021-04-05,-4,19,-15,-6,-13,2
QA,Qatar,,,,,,ChIJf-jc_zTFRT4RMkArgc-I-hw,2021-04-06,-4,18,-12,-6,-14,2
QA,Qatar,,,,,,ChIJf-jc_zTFRT4RMkArgc-I-hw,2021-04-07,-4,19,-13,-8,-13,1
QA,Qatar,,,,,,ChIJf-jc_zTFRT4RMkArgc-I-hw,2021-04-08,-3,21,-12,-9,-13,2
QA,Qatar,,,,,,ChIJf-jc_zTFRT4RMkArgc-I-hw,2021-04-09,-24,11,-38,-35,-11,5
QA,Qatar,,,,,,ChIJf-jc_zTFRT4RMkArgc-I-hw,2021-04-10,-17,16,-23,-27,-9,2
QA,Qatar,,,,,,ChIJf-jc_zTFRT4RMkArgc-I-hw,2021-04-11,-6,27,-9,-9,-13,2
QA,Qatar,,,,,,ChIJf-jc_zTFRT4RMkArgc-I-hw,2021-04-12,-4,35,-19,-7,-14,1
QA,Qatar,,,,,,ChIJf-jc_zTFRT4RMkArgc-I-hw,2021-04-13,-23,22,-26,-15,-18,10
QA,Qatar,,,,,,ChIJf-jc_zTFRT4RMkArgc-I-hw,2021-04-14,-25,15,-26,-16,-18,10
QA,Qatar,,,,,,ChIJf-jc_zTFRT4RMkArgc-I-hw,2021-04-15,-26,12,-27,-17,-17,12
QA,Qatar,,,,,,ChIJf-jc_zTFRT4RMkArgc-I-hw,2021-04-16,-34,6,-44,-39,-15,8
QA,Qatar,,,,,,ChIJf-jc_zTFRT4RMkArgc-I-hw,2021-04-17,-27,9,-28,-31,-11,8
QA,Qatar,,,,,,ChIJf-jc_zTFRT4RMkArgc-I-hw,2021-04-18,-19,17,-14,-15,-15,9
QA,Qatar,,,,,,ChIJf-jc_zTFRT4RMkArgc-I-hw,2021-04-19,-20,15,-23,-13,-16,9
QA,Qatar,,,,,,ChIJf-jc_zTFRT4RMkArgc-I-hw,2021-04-20,-21,13,-21,-13,-16,9
QA,Qatar,,,,,,ChIJf-jc_zTFRT4RMkArgc-I-hw,2021-04-21,-23,13,-23,-15,-16,9
QA,Qatar,,,,,,ChIJf-jc_zTFRT4RMkArgc-I-hw,2021-04-22,-24,12,-26,-16,-15,11
QA,Qatar,,,,,,ChIJf-jc_zTFRT4RMkArgc-I-hw,2021-04-23,-33,5,-45,-39,-13,8
QA,Qatar,,,,,,ChIJf-jc_zTFRT4RMkArgc-I-hw,2021-04-24,-26,8,-27,-30,-9,8
QA,Qatar,,,,,,ChIJf-jc_zTFRT4RMkArgc-I-hw,2021-04-25,-17,18,-14,-12,-14,9
QA,Qatar,,,,,,ChIJf-jc_zTFRT4RMkArgc-I-hw,2021-04-26,-19,15,-21,-11,-14,9
QA,Qatar,,,,,,ChIJf-jc_zTFRT4RMkArgc-I-hw,2021-04-27,-21,13,-20,-12,-15,9
QA,Qatar,,,,,,ChIJf-jc_zTFRT4RMkArgc-I-hw,2021-04-28,-18,18,-23,-11,-15,8
QA,Qatar,,,,,,ChIJf-jc_zTFRT4RMkArgc-I-hw,2021-04-29,-18,20,-23,-11,-15,10
QA,Qatar,,,,,,ChIJf-jc_zTFRT4RMkArgc-I-hw,2021-04-30,-27,13,-41,-33,-11,7
QA,Qatar,,,,,,ChIJf-jc_zTFRT4RMkArgc-I-hw,2021-05-01,-20,17,-25,-26,-9,6
QA,Qatar,,,,,,ChIJf-jc_zTFRT4RMkArgc-I-hw,2021-05-02,-12,24,-12,-10,-14,8
QA,Qatar,,,,,,ChIJf-jc_zTFRT4RMkArgc-I-hw,2021-05-03,-12,23,-20,-6,-15,8
QA,Qatar,,,,,,ChIJf-jc_zTFRT4RMkArgc-I-hw,2021-05-04,-14,22,-18,-7,-15,8
QA,Qatar,,,,,,ChIJf-jc_zTFRT4RMkArgc-I-hw,2021-05-05,-14,22,-21,-8,-15,7
QA,Qatar,,,,,,ChIJf-jc_zTFRT4RMkArgc-I-hw,2021-05-06,-16,21,-23,-10,-15,9
QA,Qatar,,,,,,ChIJf-jc_zTFRT4RMkArgc-I-hw,2021-05-07,-23,16,-41,-32,-10,6
QA,Qatar,,,,,,ChIJf-jc_zTFRT4RMkArgc-I-hw,2021-05-08,-19,18,-24,-26,-7,6
QA,Qatar,,,,,,ChIJf-jc_zTFRT4RMkArgc-I-hw,2021-05-09,-7,30,-10,-8,-21,8
QA,Qatar,,,,,,ChIJf-jc_zTFRT4RMkArgc-I-hw,2021-05-10,-7,28,-20,-6,-22,8
QA,Qatar,,,,,,ChIJf-jc_zTFRT4RMkArgc-I-hw,2021-05-11,-5,33,-16,-4,-24,8
QA,Qatar,,,,,,ChIJf-jc_zTFRT4RMkArgc-I-hw,2021-05-12,0,50,-17,-3,-31,9
QA,Qatar,,,,,,ChIJf-jc_zTFRT4RMkArgc-I-hw,2021-05-13,-19,14,1,-12,-69,22
QA,Qatar,,,,,,ChIJf-jc_zTFRT4RMkArgc-I-hw,2021-05-14,-22,13,-22,-33,-25,6
QA,Qatar,,,,,,ChIJf-jc_zTFRT4RMkArgc-I-hw,2021-05-15,-19,17,-10,-33,-49,13
QA,Qatar,,,,,,ChIJf-jc_zTFRT4RMkArgc-I-hw,2021-05-16,-11,25,-7,-19,-47,14
QA,Qatar,,,,,,ChIJf-jc_zTFRT4RMkArgc-I-hw,2021-05-17,-12,18,-17,-11,-26,7
QA,Qatar,,,,,,ChIJf-jc_zTFRT4RMkArgc-I-hw,2021-05-18,-14,15,-17,-10,-23,6
QA,Qatar,,,,,,ChIJf-jc_zTFRT4RMkArgc-I-hw,2021-05-19,-16,12,-22,-13,-12,4
QA,Qatar,,,,,,ChIJf-jc_zTFRT4RMkArgc-I-hw,2021-05-20,-17,16,-20,-15,-12,6
QA,Qatar,,,,,,ChIJf-jc_zTFRT4RMkArgc-I-hw,2021-05-21,-26,10,-32,-36,-10,6
QA,Qatar,,,,,,ChIJf-jc_zTFRT4RMkArgc-I-hw,2021-05-22,-20,12,-20,-24,-4,3
QA,Qatar,,,,,,ChIJf-jc_zTFRT4RMkArgc-I-hw,2021-05-23,-12,17,-8,-8,-9,3
QA,Qatar,,,,,,ChIJf-jc_zTFRT4RMkArgc-I-hw,2021-05-24,-13,14,-20,-7,-10,3
QA,Qatar,,,,,,ChIJf-jc_zTFRT4RMkArgc-I-hw,2021-05-25,-14,13,-16,-7,-9,3
QA,Qatar,,,,,,ChIJf-jc_zTFRT4RMkArgc-I-hw,2021-05-26,-14,14,-17,-9,-9,3
QA,Qatar,,,,,,ChIJf-jc_zTFRT4RMkArgc-I-hw,2021-05-27,-10,23,-14,-8,-8,4
QA,Qatar,,,,,,ChIJf-jc_zTFRT4RMkArgc-I-hw,2021-05-28,-14,19,-25,-23,-4,3
QA,Qatar,,,,,,ChIJf-jc_zTFRT4RMkArgc-I-hw,2021-05-29,-9,21,-16,-10,1,0
QA,Qatar,,,,,,ChIJf-jc_zTFRT4RMkArgc-I-hw,2021-05-30,-2,27,-4,-3,-5,0
QA,Qatar,,,,,,ChIJf-jc_zTFRT4RMkArgc-I-hw,2021-05-31,-3,25,-14,-2,-5,0
QA,Qatar,,,,,,ChIJf-jc_zTFRT4RMkArgc-I-hw,2021-06-01,-4,25,-11,-1,-7,1
QA,Qatar,,,,,,ChIJf-jc_zTFRT4RMkArgc-I-hw,2021-06-02,-4,25,-14,-3,-6,0
QA,Qatar,,,,,,ChIJf-jc_zTFRT4RMkArgc-I-hw,2021-06-03,-4,27,-11,-6,-4,1
QA,Qatar,,,,,,ChIJf-jc_zTFRT4RMkArgc-I-hw,2021-06-04,-11,24,-22,-20,-2,2
QA,Qatar,,,,,,ChIJf-jc_zTFRT4RMkArgc-I-hw,2021-06-05,-8,22,-17,-8,2,0
QA,Qatar,,,,,,ChIJf-jc_zTFRT4RMkArgc-I-hw,2021-06-06,-2,26,-6,-4,-4,0
QA,Qatar,,,,,,ChIJf-jc_zTFRT4RMkArgc-I-hw,2021-06-07,-3,24,-16,-2,-5,1
QA,Qatar,,,,,,ChIJf-jc_zTFRT4RMkArgc-I-hw,2021-06-08,-3,24,-11,-1,-5,0
QA,Qatar,,,,,,ChIJf-jc_zTFRT4RMkArgc-I-hw,2021-06-09,-4,23,-13,-4,-5,0
QA,Qatar,,,,,,ChIJf-jc_zTFRT4RMkArgc-I-hw,2021-06-10,-5,25,-11,-6,-5,2
QA,Qatar,,,,,,ChIJf-jc_zTFRT4RMkArgc-I-hw,2021-06-11,-12,23,-21,-20,-3,2
QA,Qatar,,,,,,ChIJf-jc_zTFRT4RMkArgc-I-hw,2021-06-12,-8,20,-13,-8,2,0
QA,Qatar,,,,,,ChIJf-jc_zTFRT4RMkArgc-I-hw,2021-06-13,-3,25,0,-4,-5,0
QA,Qatar,,,,,,ChIJf-jc_zTFRT4RMkArgc-I-hw,2021-06-14,-4,22,-11,-1,-5,0
QA,Qatar,,,,,,ChIJf-jc_zTFRT4RMkArgc-I-hw,2021-06-15,-6,19,-9,0,-5,0
QA,Qatar,,,,,,ChIJf-jc_zTFRT4RMkArgc-I-hw,2021-06-16,-7,18,-16,-4,-6,0
QA,Qatar,,,,,,ChIJf-jc_zTFRT4RMkArgc-I-hw,2021-06-17,-9,19,-21,-7,-6,2
QA,Qatar,,,,,,ChIJf-jc_zTFRT4RMkArgc-I-hw,2021-06-18,-10,22,-29,-19,-3,2
QA,Qatar,,,,,,ChIJf-jc_zTFRT4RMkArgc-I-hw,2021-06-19,-8,18,-17,-7,2,0
QA,Qatar,,,,,,ChIJf-jc_zTFRT4RMkArgc-I-hw,2021-06-20,-2,23,-4,-2,-6,0
QA,Qatar,,,,,,ChIJf-jc_zTFRT4RMkArgc-I-hw,2021-06-21,-4,20,-14,0,-7,0
QA,Qatar,,,,,,ChIJf-jc_zTFRT4RMkArgc-I-hw,2021-06-22,-5,19,-12,-1,-7,0
QA,Qatar,,,,,,ChIJf-jc_zTFRT4RMkArgc-I-hw,2021-06-23,-6,18,-16,-3,-7,0
QA,Qatar,,,,,,ChIJf-jc_zTFRT4RMkArgc-I-hw,2021-06-24,-5,21,-12,-5,-6,1
QA,Qatar,,,Doha Metropolitan Area,,,ChIJZdMPFvvaRT4Rum09e_8wmPA,2021-01-01,-9,15,22,-4,-2,1
QA,Qatar,,,Doha Metropolitan Area,,,ChIJZdMPFvvaRT4Rum09e_8wmPA,2021-01-02,-6,19,15,0,0,2
QA,Qatar,,,Doha Metropolitan Area,,,ChIJZdMPFvvaRT4Rum09e_8wmPA,2021-01-03,-2,24,15,4,-4,3
QA,Qatar,,,Doha Metropolitan Area,,,ChIJZdMPFvvaRT4Rum09e_8wmPA,2021-01-04,-5,21,12,4,-4,2
QA,Qatar,,,Doha Metropolitan Area,,,ChIJZdMPFvvaRT4Rum09e_8wmPA,2021-01-05,-5,20,20,4,-5,2
QA,Qatar,,,Doha Metropolitan Area,,,ChIJZdMPFvvaRT4Rum09e_8wmPA,2021-01-06,-6,19,9,1,-4,2
QA,Qatar,,,Doha Metropolitan Area,,,ChIJZdMPFvvaRT4Rum09e_8wmPA,2021-01-07,-5,21,16,6,-4,3
QA,Qatar,,,Doha Metropolitan Area,,,ChIJZdMPFvvaRT4Rum09e_8wmPA,2021-01-08,-7,18,14,-4,-1,1
QA,Qatar,,,Doha Metropolitan Area,,,ChIJZdMPFvvaRT4Rum09e_8wmPA,2021-01-09,-7,16,10,-1,1,0
QA,Qatar,,,Doha Metropolitan Area,,,ChIJZdMPFvvaRT4Rum09e_8wmPA,2021-01-10,-2,19,9,0,-4,2
QA,Qatar,,,Doha Metropolitan Area,,,ChIJZdMPFvvaRT4Rum09e_8wmPA,2021-01-11,-6,16,2,1,-4,2
QA,Qatar,,,Doha Metropolitan Area,,,ChIJZdMPFvvaRT4Rum09e_8wmPA,2021-01-12,-7,15,9,1,-5,2
QA,Qatar,,,Doha Metropolitan Area,,,ChIJZdMPFvvaRT4Rum09e_8wmPA,2021-01-13,-8,12,0,-5,-6,1
QA,Qatar,,,Doha Metropolitan Area,,,ChIJZdMPFvvaRT4Rum09e_8wmPA,2021-01-14,-7,12,4,-2,-9,1
QA,Qatar,,,Doha Metropolitan Area,,,ChIJZdMPFvvaRT4Rum09e_8wmPA,2021-01-15,-11,8,9,-13,-10,0
QA,Qatar,,,Doha Metropolitan Area,,,ChIJZdMPFvvaRT4Rum09e_8wmPA,2021-01-16,-12,8,3,-9,-6,0
QA,Qatar,,,Doha Metropolitan Area,,,ChIJZdMPFvvaRT4Rum09e_8wmPA,2021-01-17,-7,12,3,-6,-8,1
QA,Qatar,,,Doha Metropolitan Area,,,ChIJZdMPFvvaRT4Rum09e_8wmPA,2021-01-18,-9,10,2,-4,-8,2
QA,Qatar,,,Doha Metropolitan Area,,,ChIJZdMPFvvaRT4Rum09e_8wmPA,2021-01-19,-10,10,7,-4,-8,2
QA,Qatar,,,Doha Metropolitan Area,,,ChIJZdMPFvvaRT4Rum09e_8wmPA,2021-01-20,-12,8,1,-8,-7,2
QA,Qatar,,,Doha Metropolitan Area,,,ChIJZdMPFvvaRT4Rum09e_8wmPA,2021-01-21,-12,8,-15,-5,-7,4
QA,Qatar,,,Doha Metropolitan Area,,,ChIJZdMPFvvaRT4Rum09e_8wmPA,2021-01-22,-15,5,-21,-21,-7,4
QA,Qatar,,,Doha Metropolitan Area,,,ChIJZdMPFvvaRT4Rum09e_8wmPA,2021-01-23,-13,8,-5,-12,-2,2
QA,Qatar,,,Doha Metropolitan Area,,,ChIJZdMPFvvaRT4Rum09e_8wmPA,2021-01-24,-9,11,-1,-9,-6,2
QA,Qatar,,,Doha Metropolitan Area,,,ChIJZdMPFvvaRT4Rum09e_8wmPA,2021-01-25,-11,9,-1,-7,-6,2
QA,Qatar,,,Doha Metropolitan Area,,,ChIJZdMPFvvaRT4Rum09e_8wmPA,2021-01-26,-11,8,5,-6,-7,2
QA,Qatar,,,Doha Metropolitan Area,,,ChIJZdMPFvvaRT4Rum09e_8wmPA,2021-01-27,-10,9,-2,-9,-6,2
QA,Qatar,,,Doha Metropolitan Area,,,ChIJZdMPFvvaRT4Rum09e_8wmPA,2021-01-28,-5,15,3,-2,-6,1
QA,Qatar,,,Doha Metropolitan Area,,,ChIJZdMPFvvaRT4Rum09e_8wmPA,2021-01-29,-8,13,8,-14,-4,0
QA,Qatar,,,Doha Metropolitan Area,,,ChIJZdMPFvvaRT4Rum09e_8wmPA,2021-01-30,-5,16,7,-6,-1,-1
QA,Qatar,,,Doha Metropolitan Area,,,ChIJZdMPFvvaRT4Rum09e_8wmPA,2021-01-31,-1,22,6,-4,-5,-1
QA,Qatar,,,Doha Metropolitan Area,,,ChIJZdMPFvvaRT4Rum09e_8wmPA,2021-02-01,-2,20,3,-2,-6,-1
QA,Qatar,,,Doha Metropolitan Area,,,ChIJZdMPFvvaRT4Rum09e_8wmPA,2021-02-02,-3,20,10,-1,-7,-1
QA,Qatar,,,Doha Metropolitan Area,,,ChIJZdMPFvvaRT4Rum09e_8wmPA,2021-02-03,-6,17,3,-8,-6,0
QA,Qatar,,,Doha Metropolitan Area,,,ChIJZdMPFvvaRT4Rum09e_8wmPA,2021-02-04,-8,16,-1,-6,-7,2
QA,Qatar,,,Doha Metropolitan Area,,,ChIJZdMPFvvaRT4Rum09e_8wmPA,2021-02-05,-12,13,-4,-20,-5,2
QA,Qatar,,,Doha Metropolitan Area,,,ChIJZdMPFvvaRT4Rum09e_8wmPA,2021-02-06,-9,13,1,-12,-2,1
QA,Qatar,,,Doha Metropolitan Area,,,ChIJZdMPFvvaRT4Rum09e_8wmPA,2021-02-07,-5,16,3,-9,-7,1
QA,Qatar,,,Doha Metropolitan Area,,,ChIJZdMPFvvaRT4Rum09e_8wmPA,2021-02-08,0,21,6,-3,-8,0
QA,Qatar,,,Doha Metropolitan Area,,,ChIJZdMPFvvaRT4Rum09e_8wmPA,2021-02-09,-4,27,41,-20,-62,19
QA,Qatar,,,Doha Metropolitan Area,,,ChIJZdMPFvvaRT4Rum09e_8wmPA,2021-02-10,-10,12,-2,-11,-8,2
QA,Qatar,,,Doha Metropolitan Area,,,ChIJZdMPFvvaRT4Rum09e_8wmPA,2021-02-11,-11,12,1,-9,-9,3
QA,Qatar,,,Doha Metropolitan Area,,,ChIJZdMPFvvaRT4Rum09e_8wmPA,2021-02-12,-15,10,-3,-24,-5,2
QA,Qatar,,,Doha Metropolitan Area,,,ChIJZdMPFvvaRT4Rum09e_8wmPA,2021-02-13,-10,13,2,-16,-3,0
QA,Qatar,,,Doha Metropolitan Area,,,ChIJZdMPFvvaRT4Rum09e_8wmPA,2021-02-14,-3,20,6,-10,-7,0
QA,Qatar,,,Doha Metropolitan Area,,,ChIJZdMPFvvaRT4Rum09e_8wmPA,2021-02-15,-9,13,1,-10,-8,0
QA,Qatar,,,Doha Metropolitan Area,,,ChIJZdMPFvvaRT4Rum09e_8wmPA,2021-02-16,-9,14,7,-10,-9,0
QA,Qatar,,,Doha Metropolitan Area,,,ChIJZdMPFvvaRT4Rum09e_8wmPA,2021-02-17,-11,12,0,-11,-8,0
QA,Qatar,,,Doha Metropolitan Area,,,ChIJZdMPFvvaRT4Rum09e_8wmPA,2021-02-18,-9,14,3,-8,-8,1
QA,Qatar,,,Doha Metropolitan Area,,,ChIJZdMPFvvaRT4Rum09e_8wmPA,2021-02-19,-16,9,-15,-22,-6,2
QA,Qatar,,,Doha Metropolitan Area,,,ChIJZdMPFvvaRT4Rum09e_8wmPA,2021-02-20,-12,10,-2,-15,-3,0
QA,Qatar,,,Doha Metropolitan Area,,,ChIJZdMPFvvaRT4Rum09e_8wmPA,2021-02-21,-7,17,3,-9,-7,0
QA,Qatar,,,Doha Metropolitan Area,,,ChIJZdMPFvvaRT4Rum09e_8wmPA,2021-02-22,-10,13,1,-9,-7,0
QA,Qatar,,,Doha Metropolitan Area,,,ChIJZdMPFvvaRT4Rum09e_8wmPA,2021-02-23,-10,13,6,-11,-8,0
QA,Qatar,,,Doha Metropolitan Area,,,ChIJZdMPFvvaRT4Rum09e_8wmPA,2021-02-24,-11,11,1,-13,-8,0
QA,Qatar,,,Doha Metropolitan Area,,,ChIJZdMPFvvaRT4Rum09e_8wmPA,2021-02-25,-9,15,-1,-7,-8,1
QA,Qatar,,,Doha Metropolitan Area,,,ChIJZdMPFvvaRT4Rum09e_8wmPA,2021-02-26,-13,12,-9,-20,-7,2
QA,Qatar,,,Doha Metropolitan Area,,,ChIJZdMPFvvaRT4Rum09e_8wmPA,2021-02-27,-10,14,-2,-12,-3,-1
QA,Qatar,,,Doha Metropolitan Area,,,ChIJZdMPFvvaRT4Rum09e_8wmPA,2021-02-28,-2,24,3,-6,-7,-1
QA,Qatar,,,Doha Metropolitan Area,,,ChIJZdMPFvvaRT4Rum09e_8wmPA,2021-03-01,-4,21,2,-4,-8,-1
QA,Qatar,,,Doha Metropolitan Area,,,ChIJZdMPFvvaRT4Rum09e_8wmPA,2021-03-02,-4,21,7,-5,-9,-1
QA,Qatar,,,Doha Metropolitan Area,,,ChIJZdMPFvvaRT4Rum09e_8wmPA,2021-03-03,-5,20,1,-7,-8,-1
QA,Qatar,,,Doha Metropolitan Area,,,ChIJZdMPFvvaRT4Rum09e_8wmPA,2021-03-04,-4,21,6,-3,-9,0
QA,Qatar,,,Doha Metropolitan Area,,,ChIJZdMPFvvaRT4Rum09e_8wmPA,2021-03-05,-10,18,-13,-18,-7,2
QA,Qatar,,,Doha Metropolitan Area,,,ChIJZdMPFvvaRT4Rum09e_8wmPA,2021-03-06,-7,18,-4,-10,-4,0
QA,Qatar,,,Doha Metropolitan Area,,,ChIJZdMPFvvaRT4Rum09e_8wmPA,2021-03-07,-3,23,7,-7,-9,0
QA,Qatar,,,Doha Metropolitan Area,,,ChIJZdMPFvvaRT4Rum09e_8wmPA,2021-03-08,-5,19,6,-6,-9,0
QA,Qatar,,,Doha Metropolitan Area,,,ChIJZdMPFvvaRT4Rum09e_8wmPA,2021-03-09,-5,19,10,-5,-9,0
QA,Qatar,,,Doha Metropolitan Area,,,ChIJZdMPFvvaRT4Rum09e_8wmPA,2021-03-10,-7,17,2,-9,-9,0
QA,Qatar,,,Doha Metropolitan Area,,,ChIJZdMPFvvaRT4Rum09e_8wmPA,2021-03-11,-6,19,8,-6,-9,1
QA,Qatar,,,Doha Metropolitan Area,,,ChIJZdMPFvvaRT4Rum09e_8wmPA,2021-03-12,-11,14,-8,-20,-7,1
QA,Qatar,,,Doha Metropolitan Area,,,ChIJZdMPFvvaRT4Rum09e_8wmPA,2021-03-13,-10,13,-12,-14,-5,1
QA,Qatar,,,Doha Metropolitan Area,,,ChIJZdMPFvvaRT4Rum09e_8wmPA,2021-03-14,-2,21,11,-8,-11,0
QA,Qatar,,,Doha Metropolitan Area,,,ChIJZdMPFvvaRT4Rum09e_8wmPA,2021-03-15,-5,17,11,-6,-11,0
QA,Qatar,,,Doha Metropolitan Area,,,ChIJZdMPFvvaRT4Rum09e_8wmPA,2021-03-16,-6,17,16,-7,-12,1
QA,Qatar,,,Doha Metropolitan Area,,,ChIJZdMPFvvaRT4Rum09e_8wmPA,2021-03-17,-8,15,8,-10,-11,1
QA,Qatar,,,Doha Metropolitan Area,,,ChIJZdMPFvvaRT4Rum09e_8wmPA,2021-03-18,-8,16,8,-8,-11,2
QA,Qatar,,,Doha Metropolitan Area,,,ChIJZdMPFvvaRT4Rum09e_8wmPA,2021-03-19,-13,12,3,-23,-7,2
QA,Qatar,,,Doha Metropolitan Area,,,ChIJZdMPFvvaRT4Rum09e_8wmPA,2021-03-20,-10,13,0,-13,-4,0
QA,Qatar,,,Doha Metropolitan Area,,,ChIJZdMPFvvaRT4Rum09e_8wmPA,2021-03-21,-4,20,8,-9,-8,1
QA,Qatar,,,Doha Metropolitan Area,,,ChIJZdMPFvvaRT4Rum09e_8wmPA,2021-03-22,-8,15,4,-8,-9,1
QA,Qatar,,,Doha Metropolitan Area,,,ChIJZdMPFvvaRT4Rum09e_8wmPA,2021-03-23,-8,14,8,-10,-10,1
QA,Qatar,,,Doha Metropolitan Area,,,ChIJZdMPFvvaRT4Rum09e_8wmPA,2021-03-24,-9,13,1,-12,-10,1
QA,Qatar,,,Doha Metropolitan Area,,,ChIJZdMPFvvaRT4Rum09e_8wmPA,2021-03-25,-8,16,3,-9,-10,2
QA,Qatar,,,Doha Metropolitan Area,,,ChIJZdMPFvvaRT4Rum09e_8wmPA,2021-03-26,-18,8,-14,-27,-8,4
QA,Qatar,,,Doha Metropolitan Area,,,ChIJZdMPFvvaRT4Rum09e_8wmPA,2021-03-27,-12,11,-3,-15,-5,1
QA,Qatar,,,Doha Metropolitan Area,,,ChIJZdMPFvvaRT4Rum09e_8wmPA,2021-03-28,-5,20,1,-10,-11,2
QA,Qatar,,,Doha Metropolitan Area,,,ChIJZdMPFvvaRT4Rum09e_8wmPA,2021-03-29,-6,18,-1,-9,-12,2
QA,Qatar,,,Doha Metropolitan Area,,,ChIJZdMPFvvaRT4Rum09e_8wmPA,2021-03-30,-5,20,9,-8,-12,2
QA,Qatar,,,Doha Metropolitan Area,,,ChIJZdMPFvvaRT4Rum09e_8wmPA,2021-03-31,-5,21,3,-8,-12,2
QA,Qatar,,,Doha Metropolitan Area,,,ChIJZdMPFvvaRT4Rum09e_8wmPA,2021-04-01,-6,20,2,-8,-13,3
QA,Qatar,,,Doha Metropolitan Area,,,ChIJZdMPFvvaRT4Rum09e_8wmPA,2021-04-02,-16,13,-15,-22,-9,4
QA,Qatar,,,Doha Metropolitan Area,,,ChIJZdMPFvvaRT4Rum09e_8wmPA,2021-04-03,-10,15,-11,-13,-7,1
QA,Qatar,,,Doha Metropolitan Area,,,ChIJZdMPFvvaRT4Rum09e_8wmPA,2021-04-04,-2,22,1,-8,-14,3
QA,Qatar,,,Doha Metropolitan Area,,,ChIJZdMPFvvaRT4Rum09e_8wmPA,2021-04-05,-5,19,1,-7,-13,2
QA,Qatar,,,Doha Metropolitan Area,,,ChIJZdMPFvvaRT4Rum09e_8wmPA,2021-04-06,-5,20,7,-7,-14,3
QA,Qatar,,,Doha Metropolitan Area,,,ChIJZdMPFvvaRT4Rum09e_8wmPA,2021-04-07,-5,20,2,-9,-14,2
QA,Qatar,,,Doha Metropolitan Area,,,ChIJZdMPFvvaRT4Rum09e_8wmPA,2021-04-08,-4,21,2,-8,-14,4
QA,Qatar,,,Doha Metropolitan Area,,,ChIJZdMPFvvaRT4Rum09e_8wmPA,2021-04-09,-26,10,-31,-36,-13,6
QA,Qatar,,,Doha Metropolitan Area,,,ChIJZdMPFvvaRT4Rum09e_8wmPA,2021-04-10,-18,16,-14,-28,-10,3
QA,Qatar,,,Doha Metropolitan Area,,,ChIJZdMPFvvaRT4Rum09e_8wmPA,2021-04-11,-7,27,-1,-9,-14,3
QA,Qatar,,,Doha Metropolitan Area,,,ChIJZdMPFvvaRT4Rum09e_8wmPA,2021-04-12,-6,36,-5,-8,-14,2
QA,Qatar,,,Doha Metropolitan Area,,,ChIJZdMPFvvaRT4Rum09e_8wmPA,2021-04-13,-24,24,-13,-16,-18,11
QA,Qatar,,,Doha Metropolitan Area,,,ChIJZdMPFvvaRT4Rum09e_8wmPA,2021-04-14,-26,16,-15,-17,-18,11
QA,Qatar,,,Doha Metropolitan Area,,,ChIJZdMPFvvaRT4Rum09e_8wmPA,2021-04-15,-27,12,-17,-16,-17,13
QA,Qatar,,,Doha Metropolitan Area,,,ChIJZdMPFvvaRT4Rum09e_8wmPA,2021-04-16,-36,6,-37,-40,-16,9
QA,Qatar,,,Doha Metropolitan Area,,,ChIJZdMPFvvaRT4Rum09e_8wmPA,2021-04-17,-28,8,-18,-32,-11,9
QA,Qatar,,,Doha Metropolitan Area,,,ChIJZdMPFvvaRT4Rum09e_8wmPA,2021-04-18,-20,18,-5,-14,-15,10
QA,Qatar,,,Doha Metropolitan Area,,,ChIJZdMPFvvaRT4Rum09e_8wmPA,2021-04-19,-22,16,-7,-14,-16,10
QA,Qatar,,,Doha Metropolitan Area,,,ChIJZdMPFvvaRT4Rum09e_8wmPA,2021-04-20,-22,16,-4,-14,-17,10
QA,Qatar,,,Doha Metropolitan Area,,,ChIJZdMPFvvaRT4Rum09e_8wmPA,2021-04-21,-24,14,-11,-15,-16,11
QA,Qatar,,,Doha Metropolitan Area,,,ChIJZdMPFvvaRT4Rum09e_8wmPA,2021-04-22,-25,12,-15,-15,-16,12
QA,Qatar,,,Doha Metropolitan Area,,,ChIJZdMPFvvaRT4Rum09e_8wmPA,2021-04-23,-35,5,-38,-39,-15,9
QA,Qatar,,,Doha Metropolitan Area,,,ChIJZdMPFvvaRT4Rum09e_8wmPA,2021-04-24,-27,8,-18,-31,-9,8
QA,Qatar,,,Doha Metropolitan Area,,,ChIJZdMPFvvaRT4Rum09e_8wmPA,2021-04-25,-18,19,-6,-11,-14,10
QA,Qatar,,,Doha Metropolitan Area,,,ChIJZdMPFvvaRT4Rum09e_8wmPA,2021-04-26,-21,15,-5,-12,-14,10
QA,Qatar,,,Doha Metropolitan Area,,,ChIJZdMPFvvaRT4Rum09e_8wmPA,2021-04-27,-21,16,-4,-13,-15,10
QA,Qatar,,,Doha Metropolitan Area,,,ChIJZdMPFvvaRT4Rum09e_8wmPA,2021-04-28,-19,20,-11,-12,-16,10
QA,Qatar,,,Doha Metropolitan Area,,,ChIJZdMPFvvaRT4Rum09e_8wmPA,2021-04-29,-19,21,-12,-10,-16,11
QA,Qatar,,,Doha Metropolitan Area,,,ChIJZdMPFvvaRT4Rum09e_8wmPA,2021-04-30,-28,13,-33,-33,-12,7
QA,Qatar,,,Doha Metropolitan Area,,,ChIJZdMPFvvaRT4Rum09e_8wmPA,2021-05-01,-21,17,-16,-28,-9,7
QA,Qatar,,,Doha Metropolitan Area,,,ChIJZdMPFvvaRT4Rum09e_8wmPA,2021-05-02,-13,25,-4,-10,-14,9
QA,Qatar,,,Doha Metropolitan Area,,,ChIJZdMPFvvaRT4Rum09e_8wmPA,2021-05-03,-13,24,-5,-7,-15,9
QA,Qatar,,,Doha Metropolitan Area,,,ChIJZdMPFvvaRT4Rum09e_8wmPA,2021-05-04,-14,24,-1,-8,-15,9
QA,Qatar,,,Doha Metropolitan Area,,,ChIJZdMPFvvaRT4Rum09e_8wmPA,2021-05-05,-15,24,-8,-9,-15,9
QA,Qatar,,,Doha Metropolitan Area,,,ChIJZdMPFvvaRT4Rum09e_8wmPA,2021-05-06,-17,22,-12,-8,-15,10
QA,Qatar,,,Doha Metropolitan Area,,,ChIJZdMPFvvaRT4Rum09e_8wmPA,2021-05-07,-25,16,-33,-33,-11,7
QA,Qatar,,,Doha Metropolitan Area,,,ChIJZdMPFvvaRT4Rum09e_8wmPA,2021-05-08,-19,17,-14,-27,-8,7
QA,Qatar,,,Doha Metropolitan Area,,,ChIJZdMPFvvaRT4Rum09e_8wmPA,2021-05-09,-7,31,-2,-7,-22,9
QA,Qatar,,,Doha Metropolitan Area,,,ChIJZdMPFvvaRT4Rum09e_8wmPA,2021-05-10,-8,30,-5,-7,-23,9
QA,Qatar,,,Doha Metropolitan Area,,,ChIJZdMPFvvaRT4Rum09e_8wmPA,2021-05-11,-6,37,2,-5,-25,9
QA,Qatar,,,Doha Metropolitan Area,,,ChIJZdMPFvvaRT4Rum09e_8wmPA,2021-05-12,-1,52,-3,-4,-33,10
QA,Qatar,,,Doha Metropolitan Area,,,ChIJZdMPFvvaRT4Rum09e_8wmPA,2021-05-13,-21,14,18,-12,-71,22
QA,Qatar,,,Doha Metropolitan Area,,,ChIJZdMPFvvaRT4Rum09e_8wmPA,2021-05-14,-24,12,-14,-35,-27,6
QA,Qatar,,,Doha Metropolitan Area,,,ChIJZdMPFvvaRT4Rum09e_8wmPA,2021-05-15,-21,16,-3,-35,-51,13
QA,Qatar,,,Doha Metropolitan Area,,,ChIJZdMPFvvaRT4Rum09e_8wmPA,2021-05-16,-12,25,-1,-19,-49,15
QA,Qatar,,,Doha Metropolitan Area,,,ChIJZdMPFvvaRT4Rum09e_8wmPA,2021-05-17,-14,19,-3,-12,-27,8
QA,Qatar,,,Doha Metropolitan Area,,,ChIJZdMPFvvaRT4Rum09e_8wmPA,2021-05-18,-15,17,-1,-12,-24,7
QA,Qatar,,,Doha Metropolitan Area,,,ChIJZdMPFvvaRT4Rum09e_8wmPA,2021-05-19,-18,13,-10,-14,-14,5
QA,Qatar,,,Doha Metropolitan Area,,,ChIJZdMPFvvaRT4Rum09e_8wmPA,2021-05-20,-18,16,-9,-13,-14,7
QA,Qatar,,,Doha Metropolitan Area,,,ChIJZdMPFvvaRT4Rum09e_8wmPA,2021-05-21,-28,9,-28,-37,-13,7
QA,Qatar,,,Doha Metropolitan Area,,,ChIJZdMPFvvaRT4Rum09e_8wmPA,2021-05-22,-21,12,-12,-25,-5,4
QA,Qatar,,,Doha Metropolitan Area,,,ChIJZdMPFvvaRT4Rum09e_8wmPA,2021-05-23,-13,18,0,-8,-10,4
QA,Qatar,,,Doha Metropolitan Area,,,ChIJZdMPFvvaRT4Rum09e_8wmPA,2021-05-24,-15,15,-5,-9,-11,4
QA,Qatar,,,Doha Metropolitan Area,,,ChIJZdMPFvvaRT4Rum09e_8wmPA,2021-05-25,-15,15,1,-9,-10,4
QA,Qatar,,,Doha Metropolitan Area,,,ChIJZdMPFvvaRT4Rum09e_8wmPA,2021-05-26,-15,15,-5,-10,-10,4
QA,Qatar,,,Doha Metropolitan Area,,,ChIJZdMPFvvaRT4Rum09e_8wmPA,2021-05-27,-12,23,-4,-7,-9,5
QA,Qatar,,,Doha Metropolitan Area,,,ChIJZdMPFvvaRT4Rum09e_8wmPA,2021-05-28,-15,18,-19,-24,-6,4
QA,Qatar,,,Doha Metropolitan Area,,,ChIJZdMPFvvaRT4Rum09e_8wmPA,2021-05-29,-9,21,-8,-11,1,1
QA,Qatar,,,Doha Metropolitan Area,,,ChIJZdMPFvvaRT4Rum09e_8wmPA,2021-05-30,-3,27,2,-3,-5,1
QA,Qatar,,,Doha Metropolitan Area,,,ChIJZdMPFvvaRT4Rum09e_8wmPA,2021-05-31,-4,26,1,-3,-6,2
QA,Qatar,,,Doha Metropolitan Area,,,ChIJZdMPFvvaRT4Rum09e_8wmPA,2021-06-01,-4,27,5,-3,-7,2
QA,Qatar,,,Doha Metropolitan Area,,,ChIJZdMPFvvaRT4Rum09e_8wmPA,2021-06-02,-5,26,-2,-3,-7,1
QA,Qatar,,,Doha Metropolitan Area,,,ChIJZdMPFvvaRT4Rum09e_8wmPA,2021-06-03,-5,28,0,-4,-6,3
QA,Qatar,,,Doha Metropolitan Area,,,ChIJZdMPFvvaRT4Rum09e_8wmPA,2021-06-04,-12,23,-17,-21,-5,3
QA,Qatar,,,Doha Metropolitan Area,,,ChIJZdMPFvvaRT4Rum09e_8wmPA,2021-06-05,-9,22,-9,-9,1,1
QA,Qatar,,,Doha Metropolitan Area,,,ChIJZdMPFvvaRT4Rum09e_8wmPA,2021-06-06,-3,27,1,-4,-5,1
QA,Qatar,,,Doha Metropolitan Area,,,ChIJZdMPFvvaRT4Rum09e_8wmPA,2021-06-07,-5,25,-2,-3,-5,2
QA,Qatar,,,Doha Metropolitan Area,,,ChIJZdMPFvvaRT4Rum09e_8wmPA,2021-06-08,-3,27,4,-3,-6,2
QA,Qatar,,,Doha Metropolitan Area,,,ChIJZdMPFvvaRT4Rum09e_8wmPA,2021-06-09,-5,24,-2,-5,-6,2
QA,Qatar,,,Doha Metropolitan Area,,,ChIJZdMPFvvaRT4Rum09e_8wmPA,2021-06-10,-5,26,-1,-5,-6,3
QA,Qatar,,,Doha Metropolitan Area,,,ChIJZdMPFvvaRT4Rum09e_8wmPA,2021-06-11,-13,22,-14,-20,-5,3
QA,Qatar,,,Doha Metropolitan Area,,,ChIJZdMPFvvaRT4Rum09e_8wmPA,2021-06-12,-9,20,-4,-8,1,1
QA,Qatar,,,Doha Metropolitan Area,,,ChIJZdMPFvvaRT4Rum09e_8wmPA,2021-06-13,-3,25,7,-3,-6,1
QA,Qatar,,,Doha Metropolitan Area,,,ChIJZdMPFvvaRT4Rum09e_8wmPA,2021-06-14,-5,22,4,-1,-6,1
QA,Qatar,,,Doha Metropolitan Area,,,ChIJZdMPFvvaRT4Rum09e_8wmPA,2021-06-15,-6,21,8,-2,-6,1
QA,Qatar,,,Doha Metropolitan Area,,,ChIJZdMPFvvaRT4Rum09e_8wmPA,2021-06-16,-8,19,-5,-5,-7,2
QA,Qatar,,,Doha Metropolitan Area,,,ChIJZdMPFvvaRT4Rum09e_8wmPA,2021-06-17,-10,20,-14,-6,-7,3
QA,Qatar,,,Doha Metropolitan Area,,,ChIJZdMPFvvaRT4Rum09e_8wmPA,2021-06-18,-10,21,-22,-20,-5,3
QA,Qatar,,,Doha Metropolitan Area,,,ChIJZdMPFvvaRT4Rum09e_8wmPA,2021-06-19,-8,18,-9,-7,2,0
QA,Qatar,,,Doha Metropolitan Area,,,ChIJZdMPFvvaRT4Rum09e_8wmPA,2021-06-20,-2,24,2,-2,-7,1
QA,Qatar,,,Doha Metropolitan Area,,,ChIJZdMPFvvaRT4Rum09e_8wmPA,2021-06-21,-5,21,0,-1,-7,1
QA,Qatar,,,Doha Metropolitan Area,,,ChIJZdMPFvvaRT4Rum09e_8wmPA,2021-06-22,-5,22,4,-2,-8,1
QA,Qatar,,,Doha Metropolitan Area,,,ChIJZdMPFvvaRT4Rum09e_8wmPA,2021-06-23,-7,19,-5,-3,-8,1
QA,Qatar,,,Doha Metropolitan Area,,,ChIJZdMPFvvaRT4Rum09e_8wmPA,2021-06-24,-6,22,-2,-3,-7,2
