country_region_code,country_region,sub_region_1,sub_region_2,metro_area,iso_3166_2_code,census_fips_code,place_id,date,retail_and_recreation_percent_change_from_baseline,grocery_and_pharmacy_percent_change_from_baseline,parks_percent_change_from_baseline,transit_stations_percent_change_from_baseline,workplaces_percent_change_from_baseline,residential_percent_change_from_baseline
NE,Niger,,,,,,ChIJXa-hxnrsmRER1CSOFQqSM8k,2021-01-01,8,29,12,16,-52,9
NE,Niger,,,,,,ChIJXa-hxnrsmRER1CSOFQqSM8k,2021-01-02,13,35,26,27,-24,3
NE,Niger,,,,,,ChIJXa-hxnrsmRER1CSOFQqSM8k,2021-01-03,10,-20,15,24,-18,2
NE,Niger,,,,,,ChIJXa-hxnrsmRER1CSOFQqSM8k,2021-01-04,16,-12,16,26,-16,-2
NE,Niger,,,,,,ChIJXa-hxnrsmRER1CSOFQqSM8k,2021-01-05,24,-7,25,29,-12,-2
NE,Niger,,,,,,ChIJXa-hxnrsmRER1CSOFQqSM8k,2021-01-06,20,-6,17,29,-8,0
NE,Niger,,,,,,ChIJXa-hxnrsmRER1CSOFQqSM8k,2021-01-07,24,50,21,23,-7,1
NE,Niger,,,,,,ChIJXa-hxnrsmRER1CSOFQqSM8k,2021-01-08,21,40,15,18,-8,0
NE,Niger,,,,,,ChIJXa-hxnrsmRER1CSOFQqSM8k,2021-01-09,20,34,6,19,-9,-2
NE,Niger,,,,,,ChIJXa-hxnrsmRER1CSOFQqSM8k,2021-01-10,23,-17,12,28,-10,-1
NE,Niger,,,,,,ChIJXa-hxnrsmRER1CSOFQqSM8k,2021-01-11,28,-9,15,29,-9,-2
NE,Niger,,,,,,ChIJXa-hxnrsmRER1CSOFQqSM8k,2021-01-12,20,-12,10,20,-8,-2
NE,Niger,,,,,,ChIJXa-hxnrsmRER1CSOFQqSM8k,2021-01-13,20,-12,7,24,-8,-2
NE,Niger,,,,,,ChIJXa-hxnrsmRER1CSOFQqSM8k,2021-01-14,17,38,8,14,-11,0
NE,Niger,,,,,,ChIJXa-hxnrsmRER1CSOFQqSM8k,2021-01-15,16,33,4,9,-12,1
NE,Niger,,,,,,ChIJXa-hxnrsmRER1CSOFQqSM8k,2021-01-16,13,25,5,9,-13,0
NE,Niger,,,,,,ChIJXa-hxnrsmRER1CSOFQqSM8k,2021-01-17,9,-24,7,12,-18,2
NE,Niger,,,,,,ChIJXa-hxnrsmRER1CSOFQqSM8k,2021-01-18,13,-18,15,10,-15,0
NE,Niger,,,,,,ChIJXa-hxnrsmRER1CSOFQqSM8k,2021-01-19,13,-15,8,13,-13,1
NE,Niger,,,,,,ChIJXa-hxnrsmRER1CSOFQqSM8k,2021-01-20,15,-14,5,17,-10,2
NE,Niger,,,,,,ChIJXa-hxnrsmRER1CSOFQqSM8k,2021-01-21,17,36,10,11,-10,2
NE,Niger,,,,,,ChIJXa-hxnrsmRER1CSOFQqSM8k,2021-01-22,16,34,35,12,-11,2
NE,Niger,,,,,,ChIJXa-hxnrsmRER1CSOFQqSM8k,2021-01-23,14,31,32,12,-11,2
NE,Niger,,,,,,ChIJXa-hxnrsmRER1CSOFQqSM8k,2021-01-24,16,-20,28,19,-13,3
NE,Niger,,,,,,ChIJXa-hxnrsmRER1CSOFQqSM8k,2021-01-25,18,-14,43,18,-10,2
NE,Niger,,,,,,ChIJXa-hxnrsmRER1CSOFQqSM8k,2021-01-26,19,-15,26,17,-10,1
NE,Niger,,,,,,ChIJXa-hxnrsmRER1CSOFQqSM8k,2021-01-27,19,-14,31,25,-7,1
NE,Niger,,,,,,ChIJXa-hxnrsmRER1CSOFQqSM8k,2021-01-28,28,38,30,19,-6,-1
NE,Niger,,,,,,ChIJXa-hxnrsmRER1CSOFQqSM8k,2021-01-29,39,34,21,20,-10,-2
NE,Niger,,,,,,ChIJXa-hxnrsmRER1CSOFQqSM8k,2021-01-30,37,29,16,21,-15,-4
NE,Niger,,,,,,ChIJXa-hxnrsmRER1CSOFQqSM8k,2021-01-31,33,-24,10,19,-20,-4
NE,Niger,,,,,,ChIJXa-hxnrsmRER1CSOFQqSM8k,2021-02-01,36,-22,21,21,-12,-7
NE,Niger,,,,,,ChIJXa-hxnrsmRER1CSOFQqSM8k,2021-02-02,42,-22,11,26,-11,-7
NE,Niger,,,,,,ChIJXa-hxnrsmRER1CSOFQqSM8k,2021-02-03,32,-25,17,19,-12,-4
NE,Niger,,,,,,ChIJXa-hxnrsmRER1CSOFQqSM8k,2021-02-04,31,28,18,12,-14,-5
NE,Niger,,,,,,ChIJXa-hxnrsmRER1CSOFQqSM8k,2021-02-05,31,28,14,17,-14,-5
NE,Niger,,,,,,ChIJXa-hxnrsmRER1CSOFQqSM8k,2021-02-06,30,21,21,20,-17,-4
NE,Niger,,,,,,ChIJXa-hxnrsmRER1CSOFQqSM8k,2021-02-07,27,-30,19,19,-24,-4
NE,Niger,,,,,,ChIJXa-hxnrsmRER1CSOFQqSM8k,2021-02-08,32,-23,23,17,-16,-7
NE,Niger,,,,,,ChIJXa-hxnrsmRER1CSOFQqSM8k,2021-02-09,35,-24,15,24,-23,-2
NE,Niger,,,,,,ChIJXa-hxnrsmRER1CSOFQqSM8k,2021-02-10,37,-23,22,29,-11,-5
NE,Niger,,,,,,ChIJXa-hxnrsmRER1CSOFQqSM8k,2021-02-11,36,27,6,27,-12,-5
NE,Niger,,,,,,ChIJXa-hxnrsmRER1CSOFQqSM8k,2021-02-12,26,21,7,27,-16,-6
NE,Niger,,,,,,ChIJXa-hxnrsmRER1CSOFQqSM8k,2021-02-13,31,15,8,19,-19,-7
NE,Niger,,,,,,ChIJXa-hxnrsmRER1CSOFQqSM8k,2021-02-14,34,-31,8,26,-24,-5
NE,Niger,,,,,,ChIJXa-hxnrsmRER1CSOFQqSM8k,2021-02-15,26,-31,0,17,-18,-7
NE,Niger,,,,,,ChIJXa-hxnrsmRER1CSOFQqSM8k,2021-02-16,33,-30,-1,28,-25,-3
NE,Niger,,,,,,ChIJXa-hxnrsmRER1CSOFQqSM8k,2021-02-17,25,-31,5,25,-16,-5
NE,Niger,,,,,,ChIJXa-hxnrsmRER1CSOFQqSM8k,2021-02-18,29,18,4,19,-16,-4
NE,Niger,,,,,,ChIJXa-hxnrsmRER1CSOFQqSM8k,2021-02-19,27,16,6,22,-17,-5
NE,Niger,,,,,,ChIJXa-hxnrsmRER1CSOFQqSM8k,2021-02-20,27,8,11,17,-21,-4
NE,Niger,,,,,,ChIJXa-hxnrsmRER1CSOFQqSM8k,2021-02-21,9,-39,7,3,-36,-3
NE,Niger,,,,,,ChIJXa-hxnrsmRER1CSOFQqSM8k,2021-02-22,33,-27,16,22,-15,-7
NE,Niger,,,,,,ChIJXa-hxnrsmRER1CSOFQqSM8k,2021-02-23,15,-39,2,19,-17,-4
NE,Niger,,,,,,ChIJXa-hxnrsmRER1CSOFQqSM8k,2021-02-24,-70,-83,-72,-62,-71,-11
NE,Niger,,,,,,ChIJXa-hxnrsmRER1CSOFQqSM8k,2021-02-25,-84,-86,-90,-77,-78,-10
NE,Niger,,,,,,ChIJXa-hxnrsmRER1CSOFQqSM8k,2021-02-26,-89,-91,-90,-85,-85,-4
NE,Niger,,,,,,ChIJXa-hxnrsmRER1CSOFQqSM8k,2021-02-27,-90,-92,-100,-86,-87,2
NE,Niger,,,,,,ChIJXa-hxnrsmRER1CSOFQqSM8k,2021-02-28,-87,-94,-89,-81,-85,-8
NE,Niger,,,,,,ChIJXa-hxnrsmRER1CSOFQqSM8k,2021-03-01,-78,-90,-84,-76,-71,-15
NE,Niger,,,,,,ChIJXa-hxnrsmRER1CSOFQqSM8k,2021-03-02,-77,-89,-83,-73,-71,-13
NE,Niger,,,,,,ChIJXa-hxnrsmRER1CSOFQqSM8k,2021-03-03,-74,-88,-82,-68,-68,-12
NE,Niger,,,,,,ChIJXa-hxnrsmRER1CSOFQqSM8k,2021-03-04,-72,-75,-75,-66,-66,-13
NE,Niger,,,,,,ChIJXa-hxnrsmRER1CSOFQqSM8k,2021-03-05,-46,-54,-59,-43,-56,-34
NE,Niger,,,,,,ChIJXa-hxnrsmRER1CSOFQqSM8k,2021-03-06,22,2,-3,15,-26,-19
NE,Niger,,,,,,ChIJXa-hxnrsmRER1CSOFQqSM8k,2021-03-07,22,-39,-3,14,-28,-8
NE,Niger,,,,,,ChIJXa-hxnrsmRER1CSOFQqSM8k,2021-03-08,29,-30,12,26,-21,-8
NE,Niger,,,,,,ChIJXa-hxnrsmRER1CSOFQqSM8k,2021-03-09,32,-30,14,30,-16,-8
NE,Niger,,,,,,ChIJXa-hxnrsmRER1CSOFQqSM8k,2021-03-10,28,-27,15,29,-14,-6
NE,Niger,,,,,,ChIJXa-hxnrsmRER1CSOFQqSM8k,2021-03-11,32,19,4,27,-14,-7
NE,Niger,,,,,,ChIJXa-hxnrsmRER1CSOFQqSM8k,2021-03-12,12,6,-4,21,-25,-3
NE,Niger,,,,,,ChIJXa-hxnrsmRER1CSOFQqSM8k,2021-03-13,30,14,18,29,-20,-7
NE,Niger,,,,,,ChIJXa-hxnrsmRER1CSOFQqSM8k,2021-03-14,29,-33,10,41,-22,-5
NE,Niger,,,,,,ChIJXa-hxnrsmRER1CSOFQqSM8k,2021-03-15,33,-27,22,32,-14,-9
NE,Niger,,,,,,ChIJXa-hxnrsmRER1CSOFQqSM8k,2021-03-16,36,-26,8,33,-14,-7
NE,Niger,,,,,,ChIJXa-hxnrsmRER1CSOFQqSM8k,2021-03-17,32,-27,10,38,-12,-7
NE,Niger,,,,,,ChIJXa-hxnrsmRER1CSOFQqSM8k,2021-03-18,34,24,7,33,-13,-7
NE,Niger,,,,,,ChIJXa-hxnrsmRER1CSOFQqSM8k,2021-03-19,36,24,12,40,-13,-8
NE,Niger,,,,,,ChIJXa-hxnrsmRER1CSOFQqSM8k,2021-03-20,29,12,11,25,-24,-4
NE,Niger,,,,,,ChIJXa-hxnrsmRER1CSOFQqSM8k,2021-03-21,30,-30,10,36,-22,-6
NE,Niger,,,,,,ChIJXa-hxnrsmRER1CSOFQqSM8k,2021-03-22,30,-25,8,36,-17,-7
NE,Niger,,,,,,ChIJXa-hxnrsmRER1CSOFQqSM8k,2021-03-23,33,-26,9,40,-15,-7
NE,Niger,,,,,,ChIJXa-hxnrsmRER1CSOFQqSM8k,2021-03-24,41,-20,4,52,-15,-8
NE,Niger,,,,,,ChIJXa-hxnrsmRER1CSOFQqSM8k,2021-03-25,46,32,0,55,-20,-5
NE,Niger,,,,,,ChIJXa-hxnrsmRER1CSOFQqSM8k,2021-03-26,41,37,5,53,-23,-6
NE,Niger,,,,,,ChIJXa-hxnrsmRER1CSOFQqSM8k,2021-03-27,43,27,14,46,-28,-8
NE,Niger,,,,,,ChIJXa-hxnrsmRER1CSOFQqSM8k,2021-03-28,44,-25,17,52,-25,-8
NE,Niger,,,,,,ChIJXa-hxnrsmRER1CSOFQqSM8k,2021-03-29,43,-20,9,49,-22,-5
NE,Niger,,,,,,ChIJXa-hxnrsmRER1CSOFQqSM8k,2021-03-30,47,-18,7,50,-20,-5
NE,Niger,,,,,,ChIJXa-hxnrsmRER1CSOFQqSM8k,2021-03-31,22,-27,-1,40,-29,1
NE,Niger,,,,,,ChIJXa-hxnrsmRER1CSOFQqSM8k,2021-04-01,41,36,12,40,-22,-3
NE,Niger,,,,,,ChIJXa-hxnrsmRER1CSOFQqSM8k,2021-04-02,32,26,4,40,-35,1
NE,Niger,,,,,,ChIJXa-hxnrsmRER1CSOFQqSM8k,2021-04-03,42,30,13,36,-24,-6
NE,Niger,,,,,,ChIJXa-hxnrsmRER1CSOFQqSM8k,2021-04-04,44,-23,19,46,-22,-8
NE,Niger,,,,,,ChIJXa-hxnrsmRER1CSOFQqSM8k,2021-04-05,29,-28,4,25,-54,3
NE,Niger,,,,,,ChIJXa-hxnrsmRER1CSOFQqSM8k,2021-04-06,40,-19,18,50,-10,-9
NE,Niger,,,,,,ChIJXa-hxnrsmRER1CSOFQqSM8k,2021-04-07,40,-19,12,52,-11,-8
NE,Niger,,,,,,ChIJXa-hxnrsmRER1CSOFQqSM8k,2021-04-08,43,37,8,48,-10,-6
NE,Niger,,,,,,ChIJXa-hxnrsmRER1CSOFQqSM8k,2021-04-09,44,35,17,55,-10,-8
NE,Niger,,,,,,ChIJXa-hxnrsmRER1CSOFQqSM8k,2021-04-10,48,30,20,48,-21,-7
NE,Niger,,,,,,ChIJXa-hxnrsmRER1CSOFQqSM8k,2021-04-11,44,-23,17,56,-21,-8
NE,Niger,,,,,,ChIJXa-hxnrsmRER1CSOFQqSM8k,2021-04-12,52,-9,28,57,-11,-10
NE,Niger,,,,,,ChIJXa-hxnrsmRER1CSOFQqSM8k,2021-04-13,21,-23,-10,40,-13,-2
NE,Niger,,,,,,ChIJXa-hxnrsmRER1CSOFQqSM8k,2021-04-14,22,-27,-2,37,-18,2
NE,Niger,,,,,,ChIJXa-hxnrsmRER1CSOFQqSM8k,2021-04-15,21,23,-4,29,-9,1
NE,Niger,,,,,,ChIJXa-hxnrsmRER1CSOFQqSM8k,2021-04-16,16,17,3,31,-8,0
NE,Niger,,,,,,ChIJXa-hxnrsmRER1CSOFQqSM8k,2021-04-17,23,11,1,27,-8,3
NE,Niger,,,,,,ChIJXa-hxnrsmRER1CSOFQqSM8k,2021-04-18,22,-35,7,29,-12,3
NE,Niger,,,,,,ChIJXa-hxnrsmRER1CSOFQqSM8k,2021-04-19,21,-28,4,33,-9,-1
NE,Niger,,,,,,ChIJXa-hxnrsmRER1CSOFQqSM8k,2021-04-20,23,-29,8,39,-9,-1
NE,Niger,,,,,,ChIJXa-hxnrsmRER1CSOFQqSM8k,2021-04-21,22,-28,2,37,-8,-1
NE,Niger,,,,,,ChIJXa-hxnrsmRER1CSOFQqSM8k,2021-04-22,27,25,0,38,-6,0
NE,Niger,,,,,,ChIJXa-hxnrsmRER1CSOFQqSM8k,2021-04-23,14,10,-1,28,-9,-1
NE,Niger,,,,,,ChIJXa-hxnrsmRER1CSOFQqSM8k,2021-04-24,21,9,-5,18,-17,2
NE,Niger,,,,,,ChIJXa-hxnrsmRER1CSOFQqSM8k,2021-04-25,24,-34,2,31,-9,2
NE,Niger,,,,,,ChIJXa-hxnrsmRER1CSOFQqSM8k,2021-04-26,23,-29,4,30,-9,-2
NE,Niger,,,,,,ChIJXa-hxnrsmRER1CSOFQqSM8k,2021-04-27,27,-28,9,36,-8,-2
NE,Niger,,,,,,ChIJXa-hxnrsmRER1CSOFQqSM8k,2021-04-28,28,-23,1,41,-12,0
NE,Niger,,,,,,ChIJXa-hxnrsmRER1CSOFQqSM8k,2021-04-29,33,27,3,42,-12,0
NE,Niger,,,,,,ChIJXa-hxnrsmRER1CSOFQqSM8k,2021-04-30,28,25,5,44,-13,1
NE,Niger,,,,,,ChIJXa-hxnrsmRER1CSOFQqSM8k,2021-05-01,28,12,1,30,-18,2
NE,Niger,,,,,,ChIJXa-hxnrsmRER1CSOFQqSM8k,2021-05-02,31,-29,5,40,-8,0
NE,Niger,,,,,,ChIJXa-hxnrsmRER1CSOFQqSM8k,2021-05-03,31,-23,9,43,-11,-3
NE,Niger,,,,,,ChIJXa-hxnrsmRER1CSOFQqSM8k,2021-05-04,33,-23,4,43,-11,-3
NE,Niger,,,,,,ChIJXa-hxnrsmRER1CSOFQqSM8k,2021-05-05,30,-23,9,45,-10,-2
NE,Niger,,,,,,ChIJXa-hxnrsmRER1CSOFQqSM8k,2021-05-06,30,29,0,39,-8,-1
NE,Niger,,,,,,ChIJXa-hxnrsmRER1CSOFQqSM8k,2021-05-07,30,31,8,45,-7,-1
NE,Niger,,,,,,ChIJXa-hxnrsmRER1CSOFQqSM8k,2021-05-08,33,23,11,42,-6,0
NE,Niger,,,,,,ChIJXa-hxnrsmRER1CSOFQqSM8k,2021-05-09,36,-19,9,52,-10,-1
NE,Niger,,,,,,ChIJXa-hxnrsmRER1CSOFQqSM8k,2021-05-10,43,-11,24,61,-12,-4
NE,Niger,,,,,,ChIJXa-hxnrsmRER1CSOFQqSM8k,2021-05-11,55,4,42,76,-18,-5
NE,Niger,,,,,,ChIJXa-hxnrsmRER1CSOFQqSM8k,2021-05-12,5,-38,24,19,-74,-2
NE,Niger,,,,,,ChIJXa-hxnrsmRER1CSOFQqSM8k,2021-05-13,30,29,19,25,-30,-1
NE,Niger,,,,,,ChIJXa-hxnrsmRER1CSOFQqSM8k,2021-05-14,38,37,20,37,-13,-2
NE,Niger,,,,,,ChIJXa-hxnrsmRER1CSOFQqSM8k,2021-05-15,45,25,19,33,-12,-3
NE,Niger,,,,,,ChIJXa-hxnrsmRER1CSOFQqSM8k,2021-05-16,41,-24,27,49,-15,-5
NE,Niger,,,,,,ChIJXa-hxnrsmRER1CSOFQqSM8k,2021-05-17,44,-16,32,46,-4,-9
NE,Niger,,,,,,ChIJXa-hxnrsmRER1CSOFQqSM8k,2021-05-18,42,-22,22,41,-5,-6
NE,Niger,,,,,,ChIJXa-hxnrsmRER1CSOFQqSM8k,2021-05-19,40,-20,31,51,-5,-6
NE,Niger,,,,,,ChIJXa-hxnrsmRER1CSOFQqSM8k,2021-05-20,45,36,28,35,-4,-5
NE,Niger,,,,,,ChIJXa-hxnrsmRER1CSOFQqSM8k,2021-05-21,56,46,39,45,-1,-8
NE,Niger,,,,,,ChIJXa-hxnrsmRER1CSOFQqSM8k,2021-05-22,51,31,33,36,-7,-9
NE,Niger,,,,,,ChIJXa-hxnrsmRER1CSOFQqSM8k,2021-05-23,50,-23,26,42,-12,-9
NE,Niger,,,,,,ChIJXa-hxnrsmRER1CSOFQqSM8k,2021-05-24,49,-15,40,36,-5,-10
NE,Niger,,,,,,ChIJXa-hxnrsmRER1CSOFQqSM8k,2021-05-25,55,-13,47,47,-3,-10
NE,Niger,,,,,,ChIJXa-hxnrsmRER1CSOFQqSM8k,2021-05-26,58,-12,41,47,-3,-10
NE,Niger,,,,,,ChIJXa-hxnrsmRER1CSOFQqSM8k,2021-05-27,61,49,39,45,-3,-10
NE,Niger,,,,,,ChIJXa-hxnrsmRER1CSOFQqSM8k,2021-05-28,63,56,50,54,-1,-11
NE,Niger,,,,,,ChIJXa-hxnrsmRER1CSOFQqSM8k,2021-05-29,68,53,47,45,-6,-13
NE,Niger,,,,,,ChIJXa-hxnrsmRER1CSOFQqSM8k,2021-05-30,67,-18,40,56,-11,-12
NE,Niger,,,,,,ChIJXa-hxnrsmRER1CSOFQqSM8k,2021-05-31,65,-6,51,55,-3,-13
NE,Niger,,,,,,ChIJXa-hxnrsmRER1CSOFQqSM8k,2021-06-01,71,-8,42,57,-6,-12
NE,Niger,,,,,,ChIJXa-hxnrsmRER1CSOFQqSM8k,2021-06-02,70,-8,41,57,-5,-12
NE,Niger,,,,,,ChIJXa-hxnrsmRER1CSOFQqSM8k,2021-06-03,72,57,43,51,-2,-9
NE,Niger,,,,,,ChIJXa-hxnrsmRER1CSOFQqSM8k,2021-06-04,69,56,50,57,-3,-11
NE,Niger,,,,,,ChIJXa-hxnrsmRER1CSOFQqSM8k,2021-06-05,68,48,44,49,-9,-12
NE,Niger,,,,,,ChIJXa-hxnrsmRER1CSOFQqSM8k,2021-06-06,62,-18,37,52,-12,-12
NE,Niger,,,,,,ChIJXa-hxnrsmRER1CSOFQqSM8k,2021-06-07,66,-8,43,52,-4,-13
NE,Niger,,,,,,ChIJXa-hxnrsmRER1CSOFQqSM8k,2021-06-08,65,-9,44,44,-5,-12
NE,Niger,,,,,,ChIJXa-hxnrsmRER1CSOFQqSM8k,2021-06-09,66,-8,48,59,-3,-12
NE,Niger,,,,,,ChIJXa-hxnrsmRER1CSOFQqSM8k,2021-06-10,68,60,41,53,0,-11
NE,Niger,,,,,,ChIJXa-hxnrsmRER1CSOFQqSM8k,2021-06-11,67,57,40,56,-1,-10
NE,Niger,,,,,,ChIJXa-hxnrsmRER1CSOFQqSM8k,2021-06-12,59,44,46,40,-9,-11
NE,Niger,,,,,,ChIJXa-hxnrsmRER1CSOFQqSM8k,2021-06-13,58,-18,39,54,-11,-10
NE,Niger,,,,,,ChIJXa-hxnrsmRER1CSOFQqSM8k,2021-06-14,61,-8,49,45,-5,-13
NE,Niger,,,,,,ChIJXa-hxnrsmRER1CSOFQqSM8k,2021-06-15,53,-15,40,46,-4,-11
NE,Niger,,,,,,ChIJXa-hxnrsmRER1CSOFQqSM8k,2021-06-16,59,-10,46,59,-6,-13
NE,Niger,,,,,,ChIJXa-hxnrsmRER1CSOFQqSM8k,2021-06-17,57,51,46,47,-6,-11
NE,Niger,,,,,,ChIJXa-hxnrsmRER1CSOFQqSM8k,2021-06-18,55,50,47,57,-5,-11
NE,Niger,,,,,,ChIJXa-hxnrsmRER1CSOFQqSM8k,2021-06-19,51,34,46,47,-12,-11
NE,Niger,,,,,,ChIJXa-hxnrsmRER1CSOFQqSM8k,2021-06-20,49,-23,42,49,-16,-11
NE,Niger,,,,,,ChIJXa-hxnrsmRER1CSOFQqSM8k,2021-06-21,41,-21,36,31,-13,-11
NE,Niger,,,,,,ChIJXa-hxnrsmRER1CSOFQqSM8k,2021-06-22,64,-11,48,59,-9,-13
NE,Niger,,,,,,ChIJXa-hxnrsmRER1CSOFQqSM8k,2021-06-23,59,-11,43,59,-6,-11
NE,Niger,,,,,,ChIJXa-hxnrsmRER1CSOFQqSM8k,2021-06-24,63,54,41,48,-5,-12
NE,Niger,,,Naimey Metropolitan Area,,,ChIJ-2RgOAt10BERzO4xfaK1N0E,2021-01-01,-7,33,11,9,-54,13
NE,Niger,,,Naimey Metropolitan Area,,,ChIJ-2RgOAt10BERzO4xfaK1N0E,2021-01-02,-2,38,28,35,-24,5
NE,Niger,,,Naimey Metropolitan Area,,,ChIJ-2RgOAt10BERzO4xfaK1N0E,2021-01-03,0,26,27,34,-14,3
NE,Niger,,,Naimey Metropolitan Area,,,ChIJ-2RgOAt10BERzO4xfaK1N0E,2021-01-04,5,45,17,32,-14,0
NE,Niger,,,Naimey Metropolitan Area,,,ChIJ-2RgOAt10BERzO4xfaK1N0E,2021-01-05,10,55,30,32,-12,1
NE,Niger,,,Naimey Metropolitan Area,,,ChIJ-2RgOAt10BERzO4xfaK1N0E,2021-01-06,7,60,22,39,-5,3
NE,Niger,,,Naimey Metropolitan Area,,,ChIJ-2RgOAt10BERzO4xfaK1N0E,2021-01-07,12,59,37,31,-5,3
NE,Niger,,,Naimey Metropolitan Area,,,ChIJ-2RgOAt10BERzO4xfaK1N0E,2021-01-08,10,48,27,18,-2,2
NE,Niger,,,Naimey Metropolitan Area,,,ChIJ-2RgOAt10BERzO4xfaK1N0E,2021-01-09,8,41,9,24,-7,0
NE,Niger,,,Naimey Metropolitan Area,,,ChIJ-2RgOAt10BERzO4xfaK1N0E,2021-01-10,9,30,31,26,-9,0
NE,Niger,,,Naimey Metropolitan Area,,,ChIJ-2RgOAt10BERzO4xfaK1N0E,2021-01-11,12,49,16,37,-7,1
NE,Niger,,,Naimey Metropolitan Area,,,ChIJ-2RgOAt10BERzO4xfaK1N0E,2021-01-12,4,47,23,21,-9,1
NE,Niger,,,Naimey Metropolitan Area,,,ChIJ-2RgOAt10BERzO4xfaK1N0E,2021-01-13,5,51,17,28,-6,1
NE,Niger,,,Naimey Metropolitan Area,,,ChIJ-2RgOAt10BERzO4xfaK1N0E,2021-01-14,4,46,24,17,-8,2
NE,Niger,,,Naimey Metropolitan Area,,,ChIJ-2RgOAt10BERzO4xfaK1N0E,2021-01-15,4,39,14,9,-6,2
NE,Niger,,,Naimey Metropolitan Area,,,ChIJ-2RgOAt10BERzO4xfaK1N0E,2021-01-16,1,30,17,12,-13,1
NE,Niger,,,Naimey Metropolitan Area,,,ChIJ-2RgOAt10BERzO4xfaK1N0E,2021-01-17,-4,18,23,11,-17,2
NE,Niger,,,Naimey Metropolitan Area,,,ChIJ-2RgOAt10BERzO4xfaK1N0E,2021-01-18,0,36,24,12,-14,2
NE,Niger,,,Naimey Metropolitan Area,,,ChIJ-2RgOAt10BERzO4xfaK1N0E,2021-01-19,1,43,19,14,-15,3
NE,Niger,,,Naimey Metropolitan Area,,,ChIJ-2RgOAt10BERzO4xfaK1N0E,2021-01-20,3,48,13,24,-8,4
NE,Niger,,,Naimey Metropolitan Area,,,ChIJ-2RgOAt10BERzO4xfaK1N0E,2021-01-21,5,42,24,18,-8,5
NE,Niger,,,Naimey Metropolitan Area,,,ChIJ-2RgOAt10BERzO4xfaK1N0E,2021-01-22,3,40,59,9,-5,4
NE,Niger,,,Naimey Metropolitan Area,,,ChIJ-2RgOAt10BERzO4xfaK1N0E,2021-01-23,3,36,57,13,-9,4
NE,Niger,,,Naimey Metropolitan Area,,,ChIJ-2RgOAt10BERzO4xfaK1N0E,2021-01-24,3,23,63,22,-12,4
NE,Niger,,,Naimey Metropolitan Area,,,ChIJ-2RgOAt10BERzO4xfaK1N0E,2021-01-25,5,41,59,18,-8,4
NE,Niger,,,Naimey Metropolitan Area,,,ChIJ-2RgOAt10BERzO4xfaK1N0E,2021-01-26,3,43,49,13,-10,4
NE,Niger,,,Naimey Metropolitan Area,,,ChIJ-2RgOAt10BERzO4xfaK1N0E,2021-01-27,5,41,58,26,-5,3
NE,Niger,,,Naimey Metropolitan Area,,,ChIJ-2RgOAt10BERzO4xfaK1N0E,2021-01-28,16,42,58,18,-4,1
NE,Niger,,,Naimey Metropolitan Area,,,ChIJ-2RgOAt10BERzO4xfaK1N0E,2021-01-29,31,39,37,14,-3,0
NE,Niger,,,Naimey Metropolitan Area,,,ChIJ-2RgOAt10BERzO4xfaK1N0E,2021-01-30,30,33,30,17,-13,-3
NE,Niger,,,Naimey Metropolitan Area,,,ChIJ-2RgOAt10BERzO4xfaK1N0E,2021-01-31,26,20,30,6,-17,-2
NE,Niger,,,Naimey Metropolitan Area,,,ChIJ-2RgOAt10BERzO4xfaK1N0E,2021-02-01,29,37,27,16,-9,-5
NE,Niger,,,Naimey Metropolitan Area,,,ChIJ-2RgOAt10BERzO4xfaK1N0E,2021-02-02,34,38,24,21,-9,-4
NE,Niger,,,Naimey Metropolitan Area,,,ChIJ-2RgOAt10BERzO4xfaK1N0E,2021-02-03,29,32,31,29,-6,-2
NE,Niger,,,Naimey Metropolitan Area,,,ChIJ-2RgOAt10BERzO4xfaK1N0E,2021-02-04,28,31,28,20,-9,-2
NE,Niger,,,Naimey Metropolitan Area,,,ChIJ-2RgOAt10BERzO4xfaK1N0E,2021-02-05,27,32,26,21,-6,-3
NE,Niger,,,Naimey Metropolitan Area,,,ChIJ-2RgOAt10BERzO4xfaK1N0E,2021-02-06,26,24,34,26,-14,-3
NE,Niger,,,Naimey Metropolitan Area,,,ChIJ-2RgOAt10BERzO4xfaK1N0E,2021-02-07,22,16,30,20,-19,-3
NE,Niger,,,Naimey Metropolitan Area,,,ChIJ-2RgOAt10BERzO4xfaK1N0E,2021-02-08,28,34,31,17,-12,-5
NE,Niger,,,Naimey Metropolitan Area,,,ChIJ-2RgOAt10BERzO4xfaK1N0E,2021-02-09,27,31,25,26,-22,0
NE,Niger,,,Naimey Metropolitan Area,,,ChIJ-2RgOAt10BERzO4xfaK1N0E,2021-02-10,28,38,31,31,-6,-4
NE,Niger,,,Naimey Metropolitan Area,,,ChIJ-2RgOAt10BERzO4xfaK1N0E,2021-02-11,28,29,15,25,-7,-3
NE,Niger,,,Naimey Metropolitan Area,,,ChIJ-2RgOAt10BERzO4xfaK1N0E,2021-02-12,21,23,18,24,-6,-4
NE,Niger,,,Naimey Metropolitan Area,,,ChIJ-2RgOAt10BERzO4xfaK1N0E,2021-02-13,26,16,18,21,-14,-5
NE,Niger,,,Naimey Metropolitan Area,,,ChIJ-2RgOAt10BERzO4xfaK1N0E,2021-02-14,28,6,23,24,-19,-4
NE,Niger,,,Naimey Metropolitan Area,,,ChIJ-2RgOAt10BERzO4xfaK1N0E,2021-02-15,21,16,7,19,-14,-6
NE,Niger,,,Naimey Metropolitan Area,,,ChIJ-2RgOAt10BERzO4xfaK1N0E,2021-02-16,24,22,13,22,-24,0
NE,Niger,,,Naimey Metropolitan Area,,,ChIJ-2RgOAt10BERzO4xfaK1N0E,2021-02-17,16,18,16,20,-12,-3
NE,Niger,,,Naimey Metropolitan Area,,,ChIJ-2RgOAt10BERzO4xfaK1N0E,2021-02-18,22,20,16,22,-11,-2
NE,Niger,,,Naimey Metropolitan Area,,,ChIJ-2RgOAt10BERzO4xfaK1N0E,2021-02-19,20,18,11,24,-8,-2
NE,Niger,,,Naimey Metropolitan Area,,,ChIJ-2RgOAt10BERzO4xfaK1N0E,2021-02-20,21,8,18,22,-17,-3
NE,Niger,,,Naimey Metropolitan Area,,,ChIJ-2RgOAt10BERzO4xfaK1N0E,2021-02-21,1,-10,18,5,-36,-1
NE,Niger,,,Naimey Metropolitan Area,,,ChIJ-2RgOAt10BERzO4xfaK1N0E,2021-02-22,26,22,21,23,-12,-4
NE,Niger,,,Naimey Metropolitan Area,,,ChIJ-2RgOAt10BERzO4xfaK1N0E,2021-02-23,4,2,24,10,-14,-1
NE,Niger,,,Naimey Metropolitan Area,,,ChIJ-2RgOAt10BERzO4xfaK1N0E,2021-02-24,-73,-72,-70,-51,-69,-6
NE,Niger,,,Naimey Metropolitan Area,,,ChIJ-2RgOAt10BERzO4xfaK1N0E,2021-02-25,-87,-86,-86,-69,-77,-7
NE,Niger,,,Naimey Metropolitan Area,,,ChIJ-2RgOAt10BERzO4xfaK1N0E,2021-02-26,-90,-91,,-76,-82,-1
NE,Niger,,,Naimey Metropolitan Area,,,ChIJ-2RgOAt10BERzO4xfaK1N0E,2021-02-27,-90,-91,,-80,-85,3
NE,Niger,,,Naimey Metropolitan Area,,,ChIJ-2RgOAt10BERzO4xfaK1N0E,2021-02-28,-88,-89,-85,-74,-83,-7
NE,Niger,,,Naimey Metropolitan Area,,,ChIJ-2RgOAt10BERzO4xfaK1N0E,2021-03-01,-78,-81,-79,-68,-68,-13
NE,Niger,,,Naimey Metropolitan Area,,,ChIJ-2RgOAt10BERzO4xfaK1N0E,2021-03-02,-77,-81,-74,-64,-69,-9
NE,Niger,,,Naimey Metropolitan Area,,,ChIJ-2RgOAt10BERzO4xfaK1N0E,2021-03-03,-74,-78,-76,-58,-65,-12
NE,Niger,,,Naimey Metropolitan Area,,,ChIJ-2RgOAt10BERzO4xfaK1N0E,2021-03-04,-71,-74,-71,-57,-62,-12
NE,Niger,,,Naimey Metropolitan Area,,,ChIJ-2RgOAt10BERzO4xfaK1N0E,2021-03-05,-45,-51,-52,-36,-50,-35
NE,Niger,,,Naimey Metropolitan Area,,,ChIJ-2RgOAt10BERzO4xfaK1N0E,2021-03-06,19,2,8,22,-21,-16
NE,Niger,,,Naimey Metropolitan Area,,,ChIJ-2RgOAt10BERzO4xfaK1N0E,2021-03-07,21,-7,21,18,-23,-7
NE,Niger,,,Naimey Metropolitan Area,,,ChIJ-2RgOAt10BERzO4xfaK1N0E,2021-03-08,26,19,23,35,-16,-5
NE,Niger,,,Naimey Metropolitan Area,,,ChIJ-2RgOAt10BERzO4xfaK1N0E,2021-03-09,26,23,31,33,-12,-6
NE,Niger,,,Naimey Metropolitan Area,,,ChIJ-2RgOAt10BERzO4xfaK1N0E,2021-03-10,25,25,37,37,-10,-4
NE,Niger,,,Naimey Metropolitan Area,,,ChIJ-2RgOAt10BERzO4xfaK1N0E,2021-03-11,29,21,29,36,-8,-5
NE,Niger,,,Naimey Metropolitan Area,,,ChIJ-2RgOAt10BERzO4xfaK1N0E,2021-03-12,4,5,2,22,-19,2
NE,Niger,,,Naimey Metropolitan Area,,,ChIJ-2RgOAt10BERzO4xfaK1N0E,2021-03-13,26,13,33,39,-16,-4
NE,Niger,,,Naimey Metropolitan Area,,,ChIJ-2RgOAt10BERzO4xfaK1N0E,2021-03-14,27,1,25,47,-16,-4
NE,Niger,,,Naimey Metropolitan Area,,,ChIJ-2RgOAt10BERzO4xfaK1N0E,2021-03-15,30,24,33,43,-8,-6
NE,Niger,,,Naimey Metropolitan Area,,,ChIJ-2RgOAt10BERzO4xfaK1N0E,2021-03-16,29,25,27,39,-10,-5
NE,Niger,,,Naimey Metropolitan Area,,,ChIJ-2RgOAt10BERzO4xfaK1N0E,2021-03-17,27,25,26,49,-6,-3
NE,Niger,,,Naimey Metropolitan Area,,,ChIJ-2RgOAt10BERzO4xfaK1N0E,2021-03-18,28,26,25,43,-7,-4
NE,Niger,,,Naimey Metropolitan Area,,,ChIJ-2RgOAt10BERzO4xfaK1N0E,2021-03-19,31,29,22,49,-3,-7
NE,Niger,,,Naimey Metropolitan Area,,,ChIJ-2RgOAt10BERzO4xfaK1N0E,2021-03-20,23,14,20,40,-23,-1
NE,Niger,,,Naimey Metropolitan Area,,,ChIJ-2RgOAt10BERzO4xfaK1N0E,2021-03-21,27,8,34,46,-18,-5
NE,Niger,,,Naimey Metropolitan Area,,,ChIJ-2RgOAt10BERzO4xfaK1N0E,2021-03-22,24,26,15,43,-14,-6
NE,Niger,,,Naimey Metropolitan Area,,,ChIJ-2RgOAt10BERzO4xfaK1N0E,2021-03-23,27,27,27,42,-13,-5
NE,Niger,,,Naimey Metropolitan Area,,,ChIJ-2RgOAt10BERzO4xfaK1N0E,2021-03-24,34,39,12,57,-10,-5
NE,Niger,,,Naimey Metropolitan Area,,,ChIJ-2RgOAt10BERzO4xfaK1N0E,2021-03-25,39,33,16,58,-15,-2
NE,Niger,,,Naimey Metropolitan Area,,,ChIJ-2RgOAt10BERzO4xfaK1N0E,2021-03-26,37,40,14,56,-14,-4
NE,Niger,,,Naimey Metropolitan Area,,,ChIJ-2RgOAt10BERzO4xfaK1N0E,2021-03-27,38,28,20,60,-26,-6
NE,Niger,,,Naimey Metropolitan Area,,,ChIJ-2RgOAt10BERzO4xfaK1N0E,2021-03-28,41,15,30,57,-19,-7
NE,Niger,,,Naimey Metropolitan Area,,,ChIJ-2RgOAt10BERzO4xfaK1N0E,2021-03-29,38,33,13,57,-17,-3
NE,Niger,,,Naimey Metropolitan Area,,,ChIJ-2RgOAt10BERzO4xfaK1N0E,2021-03-30,40,41,19,57,-17,-2
NE,Niger,,,Naimey Metropolitan Area,,,ChIJ-2RgOAt10BERzO4xfaK1N0E,2021-03-31,13,26,12,44,-26,5
NE,Niger,,,Naimey Metropolitan Area,,,ChIJ-2RgOAt10BERzO4xfaK1N0E,2021-04-01,39,42,34,56,-17,0
NE,Niger,,,Naimey Metropolitan Area,,,ChIJ-2RgOAt10BERzO4xfaK1N0E,2021-04-02,30,29,17,46,-31,5
NE,Niger,,,Naimey Metropolitan Area,,,ChIJ-2RgOAt10BERzO4xfaK1N0E,2021-04-03,43,33,30,43,-19,-3
NE,Niger,,,Naimey Metropolitan Area,,,ChIJ-2RgOAt10BERzO4xfaK1N0E,2021-04-04,46,25,42,58,-16,-7
NE,Niger,,,Naimey Metropolitan Area,,,ChIJ-2RgOAt10BERzO4xfaK1N0E,2021-04-05,25,19,6,29,-56,6
NE,Niger,,,Naimey Metropolitan Area,,,ChIJ-2RgOAt10BERzO4xfaK1N0E,2021-04-06,36,42,46,63,-6,-7
NE,Niger,,,Naimey Metropolitan Area,,,ChIJ-2RgOAt10BERzO4xfaK1N0E,2021-04-07,37,42,26,58,-5,-6
NE,Niger,,,Naimey Metropolitan Area,,,ChIJ-2RgOAt10BERzO4xfaK1N0E,2021-04-08,41,42,26,59,-4,-4
NE,Niger,,,Naimey Metropolitan Area,,,ChIJ-2RgOAt10BERzO4xfaK1N0E,2021-04-09,41,39,38,55,0,-6
NE,Niger,,,Naimey Metropolitan Area,,,ChIJ-2RgOAt10BERzO4xfaK1N0E,2021-04-10,47,33,33,51,-16,-5
NE,Niger,,,Naimey Metropolitan Area,,,ChIJ-2RgOAt10BERzO4xfaK1N0E,2021-04-11,44,15,38,53,-17,-7
NE,Niger,,,Naimey Metropolitan Area,,,ChIJ-2RgOAt10BERzO4xfaK1N0E,2021-04-12,50,51,40,55,-7,-8
NE,Niger,,,Naimey Metropolitan Area,,,ChIJ-2RgOAt10BERzO4xfaK1N0E,2021-04-13,13,26,4,33,-10,1
NE,Niger,,,Naimey Metropolitan Area,,,ChIJ-2RgOAt10BERzO4xfaK1N0E,2021-04-14,17,24,9,46,-14,5
NE,Niger,,,Naimey Metropolitan Area,,,ChIJ-2RgOAt10BERzO4xfaK1N0E,2021-04-15,17,24,16,35,-3,2
NE,Niger,,,Naimey Metropolitan Area,,,ChIJ-2RgOAt10BERzO4xfaK1N0E,2021-04-16,12,21,17,33,3,2
NE,Niger,,,Naimey Metropolitan Area,,,ChIJ-2RgOAt10BERzO4xfaK1N0E,2021-04-17,21,13,15,31,-1,5
NE,Niger,,,Naimey Metropolitan Area,,,ChIJ-2RgOAt10BERzO4xfaK1N0E,2021-04-18,20,-1,32,32,-4,4
NE,Niger,,,Naimey Metropolitan Area,,,ChIJ-2RgOAt10BERzO4xfaK1N0E,2021-04-19,16,19,15,34,-4,1
NE,Niger,,,Naimey Metropolitan Area,,,ChIJ-2RgOAt10BERzO4xfaK1N0E,2021-04-20,17,22,31,38,-7,2
NE,Niger,,,Naimey Metropolitan Area,,,ChIJ-2RgOAt10BERzO4xfaK1N0E,2021-04-21,19,26,21,39,-2,2
NE,Niger,,,Naimey Metropolitan Area,,,ChIJ-2RgOAt10BERzO4xfaK1N0E,2021-04-22,24,30,20,43,0,2
NE,Niger,,,Naimey Metropolitan Area,,,ChIJ-2RgOAt10BERzO4xfaK1N0E,2021-04-23,11,12,12,27,1,2
NE,Niger,,,Naimey Metropolitan Area,,,ChIJ-2RgOAt10BERzO4xfaK1N0E,2021-04-24,21,12,7,21,-12,5
NE,Niger,,,Naimey Metropolitan Area,,,ChIJ-2RgOAt10BERzO4xfaK1N0E,2021-04-25,25,3,19,34,-1,3
NE,Niger,,,Naimey Metropolitan Area,,,ChIJ-2RgOAt10BERzO4xfaK1N0E,2021-04-26,21,21,14,30,-3,-1
NE,Niger,,,Naimey Metropolitan Area,,,ChIJ-2RgOAt10BERzO4xfaK1N0E,2021-04-27,23,22,32,28,-5,1
NE,Niger,,,Naimey Metropolitan Area,,,ChIJ-2RgOAt10BERzO4xfaK1N0E,2021-04-28,22,31,11,34,-5,2
NE,Niger,,,Naimey Metropolitan Area,,,ChIJ-2RgOAt10BERzO4xfaK1N0E,2021-04-29,29,29,19,40,-6,2
NE,Niger,,,Naimey Metropolitan Area,,,ChIJ-2RgOAt10BERzO4xfaK1N0E,2021-04-30,23,27,20,32,-3,3
NE,Niger,,,Naimey Metropolitan Area,,,ChIJ-2RgOAt10BERzO4xfaK1N0E,2021-05-01,26,13,12,23,-13,4
NE,Niger,,,Naimey Metropolitan Area,,,ChIJ-2RgOAt10BERzO4xfaK1N0E,2021-05-02,31,9,24,29,1,2
NE,Niger,,,Naimey Metropolitan Area,,,ChIJ-2RgOAt10BERzO4xfaK1N0E,2021-05-03,29,29,18,35,-6,-1
NE,Niger,,,Naimey Metropolitan Area,,,ChIJ-2RgOAt10BERzO4xfaK1N0E,2021-05-04,27,30,17,37,-8,0
NE,Niger,,,Naimey Metropolitan Area,,,ChIJ-2RgOAt10BERzO4xfaK1N0E,2021-05-05,25,33,22,42,-3,1
NE,Niger,,,Naimey Metropolitan Area,,,ChIJ-2RgOAt10BERzO4xfaK1N0E,2021-05-06,26,32,12,34,-2,1
NE,Niger,,,Naimey Metropolitan Area,,,ChIJ-2RgOAt10BERzO4xfaK1N0E,2021-05-07,27,36,26,32,3,0
NE,Niger,,,Naimey Metropolitan Area,,,ChIJ-2RgOAt10BERzO4xfaK1N0E,2021-05-08,30,24,20,37,0,2
NE,Niger,,,Naimey Metropolitan Area,,,ChIJ-2RgOAt10BERzO4xfaK1N0E,2021-05-09,36,27,30,43,-2,0
NE,Niger,,,Naimey Metropolitan Area,,,ChIJ-2RgOAt10BERzO4xfaK1N0E,2021-05-10,43,48,36,54,-7,-3
NE,Niger,,,Naimey Metropolitan Area,,,ChIJ-2RgOAt10BERzO4xfaK1N0E,2021-05-11,52,79,72,68,-15,-3
NE,Niger,,,Naimey Metropolitan Area,,,ChIJ-2RgOAt10BERzO4xfaK1N0E,2021-05-12,2,18,39,20,-78,2
NE,Niger,,,Naimey Metropolitan Area,,,ChIJ-2RgOAt10BERzO4xfaK1N0E,2021-05-13,30,35,40,29,-26,2
NE,Niger,,,Naimey Metropolitan Area,,,ChIJ-2RgOAt10BERzO4xfaK1N0E,2021-05-14,38,44,38,29,-2,0
NE,Niger,,,Naimey Metropolitan Area,,,ChIJ-2RgOAt10BERzO4xfaK1N0E,2021-05-15,44,28,38,23,-7,0
NE,Niger,,,Naimey Metropolitan Area,,,ChIJ-2RgOAt10BERzO4xfaK1N0E,2021-05-16,43,21,54,43,-7,-3
NE,Niger,,,Naimey Metropolitan Area,,,ChIJ-2RgOAt10BERzO4xfaK1N0E,2021-05-17,43,44,47,45,1,-6
NE,Niger,,,Naimey Metropolitan Area,,,ChIJ-2RgOAt10BERzO4xfaK1N0E,2021-05-18,37,36,44,34,-2,-4
NE,Niger,,,Naimey Metropolitan Area,,,ChIJ-2RgOAt10BERzO4xfaK1N0E,2021-05-19,35,39,47,52,1,-3
NE,Niger,,,Naimey Metropolitan Area,,,ChIJ-2RgOAt10BERzO4xfaK1N0E,2021-05-20,44,39,50,36,3,-3
NE,Niger,,,Naimey Metropolitan Area,,,ChIJ-2RgOAt10BERzO4xfaK1N0E,2021-05-21,53,49,56,44,11,-6
NE,Niger,,,Naimey Metropolitan Area,,,ChIJ-2RgOAt10BERzO4xfaK1N0E,2021-05-22,48,33,47,37,2,-7
NE,Niger,,,Naimey Metropolitan Area,,,ChIJ-2RgOAt10BERzO4xfaK1N0E,2021-05-23,49,23,41,43,-6,-8
NE,Niger,,,Naimey Metropolitan Area,,,ChIJ-2RgOAt10BERzO4xfaK1N0E,2021-05-24,46,48,46,43,1,-8
NE,Niger,,,Naimey Metropolitan Area,,,ChIJ-2RgOAt10BERzO4xfaK1N0E,2021-05-25,49,53,72,41,1,-8
NE,Niger,,,Naimey Metropolitan Area,,,ChIJ-2RgOAt10BERzO4xfaK1N0E,2021-05-26,52,56,60,48,4,-8
NE,Niger,,,Naimey Metropolitan Area,,,ChIJ-2RgOAt10BERzO4xfaK1N0E,2021-05-27,54,52,62,47,4,-7
NE,Niger,,,Naimey Metropolitan Area,,,ChIJ-2RgOAt10BERzO4xfaK1N0E,2021-05-28,57,59,76,57,10,-9
NE,Niger,,,Naimey Metropolitan Area,,,ChIJ-2RgOAt10BERzO4xfaK1N0E,2021-05-29,64,57,69,51,2,-11
NE,Niger,,,Naimey Metropolitan Area,,,ChIJ-2RgOAt10BERzO4xfaK1N0E,2021-05-30,63,36,58,54,-3,-11
NE,Niger,,,Naimey Metropolitan Area,,,ChIJ-2RgOAt10BERzO4xfaK1N0E,2021-05-31,61,60,61,60,4,-11
NE,Niger,,,Naimey Metropolitan Area,,,ChIJ-2RgOAt10BERzO4xfaK1N0E,2021-06-01,61,59,61,54,-2,-10
NE,Niger,,,Naimey Metropolitan Area,,,ChIJ-2RgOAt10BERzO4xfaK1N0E,2021-06-02,61,60,56,55,2,-10
NE,Niger,,,Naimey Metropolitan Area,,,ChIJ-2RgOAt10BERzO4xfaK1N0E,2021-06-03,68,59,62,57,5,-8
NE,Niger,,,Naimey Metropolitan Area,,,ChIJ-2RgOAt10BERzO4xfaK1N0E,2021-06-04,65,59,74,60,9,-9
NE,Niger,,,Naimey Metropolitan Area,,,ChIJ-2RgOAt10BERzO4xfaK1N0E,2021-06-05,65,50,64,54,-3,-10
NE,Niger,,,Naimey Metropolitan Area,,,ChIJ-2RgOAt10BERzO4xfaK1N0E,2021-06-06,62,32,56,67,-4,-10
NE,Niger,,,Naimey Metropolitan Area,,,ChIJ-2RgOAt10BERzO4xfaK1N0E,2021-06-07,64,56,55,60,3,-11
NE,Niger,,,Naimey Metropolitan Area,,,ChIJ-2RgOAt10BERzO4xfaK1N0E,2021-06-08,61,61,55,53,1,-9
NE,Niger,,,Naimey Metropolitan Area,,,ChIJ-2RgOAt10BERzO4xfaK1N0E,2021-06-09,58,59,61,68,3,-9
NE,Niger,,,Naimey Metropolitan Area,,,ChIJ-2RgOAt10BERzO4xfaK1N0E,2021-06-10,63,61,55,60,6,-9
NE,Niger,,,Naimey Metropolitan Area,,,ChIJ-2RgOAt10BERzO4xfaK1N0E,2021-06-11,62,58,57,61,10,-7
NE,Niger,,,Naimey Metropolitan Area,,,ChIJ-2RgOAt10BERzO4xfaK1N0E,2021-06-12,57,45,62,47,-3,-9
NE,Niger,,,Naimey Metropolitan Area,,,ChIJ-2RgOAt10BERzO4xfaK1N0E,2021-06-13,54,30,62,60,-3,-9
NE,Niger,,,Naimey Metropolitan Area,,,ChIJ-2RgOAt10BERzO4xfaK1N0E,2021-06-14,57,56,52,51,2,-11
NE,Niger,,,Naimey Metropolitan Area,,,ChIJ-2RgOAt10BERzO4xfaK1N0E,2021-06-15,44,43,47,44,-2,-8
NE,Niger,,,Naimey Metropolitan Area,,,ChIJ-2RgOAt10BERzO4xfaK1N0E,2021-06-16,51,52,58,72,-1,-11
NE,Niger,,,Naimey Metropolitan Area,,,ChIJ-2RgOAt10BERzO4xfaK1N0E,2021-06-17,50,50,59,55,0,-9
NE,Niger,,,Naimey Metropolitan Area,,,ChIJ-2RgOAt10BERzO4xfaK1N0E,2021-06-18,47,49,63,63,4,-9
NE,Niger,,,Naimey Metropolitan Area,,,ChIJ-2RgOAt10BERzO4xfaK1N0E,2021-06-19,44,31,57,61,-7,-9
NE,Niger,,,Naimey Metropolitan Area,,,ChIJ-2RgOAt10BERzO4xfaK1N0E,2021-06-20,45,21,63,63,-8,-10
NE,Niger,,,Naimey Metropolitan Area,,,ChIJ-2RgOAt10BERzO4xfaK1N0E,2021-06-21,39,36,37,50,-6,-8
NE,Niger,,,Naimey Metropolitan Area,,,ChIJ-2RgOAt10BERzO4xfaK1N0E,2021-06-22,54,49,61,69,-6,-10
NE,Niger,,,Naimey Metropolitan Area,,,ChIJ-2RgOAt10BERzO4xfaK1N0E,2021-06-23,51,53,51,73,-1,-9
NE,Niger,,,Naimey Metropolitan Area,,,ChIJ-2RgOAt10BERzO4xfaK1N0E,2021-06-24,58,52,55,64,1,-9
NE,Niger,Agadez Region,,,NE-1,,ChIJkSYyDLUxmBERECmbaH6AWZQ,2021-01-01,,,,,-39,
NE,Niger,Agadez Region,,,NE-1,,ChIJkSYyDLUxmBERECmbaH6AWZQ,2021-01-02,,,,,-25,
NE,Niger,Agadez Region,,,NE-1,,ChIJkSYyDLUxmBERECmbaH6AWZQ,2021-01-04,,,,,-29,
NE,Niger,Agadez Region,,,NE-1,,ChIJkSYyDLUxmBERECmbaH6AWZQ,2021-01-05,,,,,-18,
NE,Niger,Agadez Region,,,NE-1,,ChIJkSYyDLUxmBERECmbaH6AWZQ,2021-01-06,,,,,-10,
NE,Niger,Agadez Region,,,NE-1,,ChIJkSYyDLUxmBERECmbaH6AWZQ,2021-01-07,,,,,-15,
NE,Niger,Agadez Region,,,NE-1,,ChIJkSYyDLUxmBERECmbaH6AWZQ,2021-01-08,,,,,-17,
NE,Niger,Agadez Region,,,NE-1,,ChIJkSYyDLUxmBERECmbaH6AWZQ,2021-01-09,,,,,-13,
NE,Niger,Agadez Region,,,NE-1,,ChIJkSYyDLUxmBERECmbaH6AWZQ,2021-01-11,,,,,-13,
NE,Niger,Agadez Region,,,NE-1,,ChIJkSYyDLUxmBERECmbaH6AWZQ,2021-01-12,,,,,-14,
NE,Niger,Agadez Region,,,NE-1,,ChIJkSYyDLUxmBERECmbaH6AWZQ,2021-01-13,,,,,-6,
NE,Niger,Agadez Region,,,NE-1,,ChIJkSYyDLUxmBERECmbaH6AWZQ,2021-01-14,,,,,-14,
NE,Niger,Agadez Region,,,NE-1,,ChIJkSYyDLUxmBERECmbaH6AWZQ,2021-01-15,,,,,-18,
NE,Niger,Agadez Region,,,NE-1,,ChIJkSYyDLUxmBERECmbaH6AWZQ,2021-01-16,,,,,-17,
NE,Niger,Agadez Region,,,NE-1,,ChIJkSYyDLUxmBERECmbaH6AWZQ,2021-01-18,,,,,-11,
NE,Niger,Agadez Region,,,NE-1,,ChIJkSYyDLUxmBERECmbaH6AWZQ,2021-01-19,,,,,-16,
NE,Niger,Agadez Region,,,NE-1,,ChIJkSYyDLUxmBERECmbaH6AWZQ,2021-01-20,,,,,-11,
NE,Niger,Agadez Region,,,NE-1,,ChIJkSYyDLUxmBERECmbaH6AWZQ,2021-01-21,,,,,-16,
NE,Niger,Agadez Region,,,NE-1,,ChIJkSYyDLUxmBERECmbaH6AWZQ,2021-01-22,,,,,-21,
NE,Niger,Agadez Region,,,NE-1,,ChIJkSYyDLUxmBERECmbaH6AWZQ,2021-01-23,,,,,-12,
NE,Niger,Agadez Region,,,NE-1,,ChIJkSYyDLUxmBERECmbaH6AWZQ,2021-01-25,,,,,-16,
NE,Niger,Agadez Region,,,NE-1,,ChIJkSYyDLUxmBERECmbaH6AWZQ,2021-01-26,,,,,-15,
NE,Niger,Agadez Region,,,NE-1,,ChIJkSYyDLUxmBERECmbaH6AWZQ,2021-01-27,,,,,-12,
NE,Niger,Agadez Region,,,NE-1,,ChIJkSYyDLUxmBERECmbaH6AWZQ,2021-01-28,,,,,-18,
NE,Niger,Agadez Region,,,NE-1,,ChIJkSYyDLUxmBERECmbaH6AWZQ,2021-01-29,,,,,-27,
NE,Niger,Agadez Region,,,NE-1,,ChIJkSYyDLUxmBERECmbaH6AWZQ,2021-01-30,,,,,-24,
NE,Niger,Agadez Region,,,NE-1,,ChIJkSYyDLUxmBERECmbaH6AWZQ,2021-02-01,,,,,-27,
NE,Niger,Agadez Region,,,NE-1,,ChIJkSYyDLUxmBERECmbaH6AWZQ,2021-02-02,,,,,-29,
NE,Niger,Agadez Region,,,NE-1,,ChIJkSYyDLUxmBERECmbaH6AWZQ,2021-02-03,,,,,-24,
NE,Niger,Agadez Region,,,NE-1,,ChIJkSYyDLUxmBERECmbaH6AWZQ,2021-02-04,,,,,-33,
NE,Niger,Agadez Region,,,NE-1,,ChIJkSYyDLUxmBERECmbaH6AWZQ,2021-02-05,,,,,-32,
NE,Niger,Agadez Region,,,NE-1,,ChIJkSYyDLUxmBERECmbaH6AWZQ,2021-02-06,,,,,-33,
NE,Niger,Agadez Region,,,NE-1,,ChIJkSYyDLUxmBERECmbaH6AWZQ,2021-02-07,,,,,-41,
NE,Niger,Agadez Region,,,NE-1,,ChIJkSYyDLUxmBERECmbaH6AWZQ,2021-02-08,,,,,-31,
NE,Niger,Agadez Region,,,NE-1,,ChIJkSYyDLUxmBERECmbaH6AWZQ,2021-02-09,,,,,-33,
NE,Niger,Agadez Region,,,NE-1,,ChIJkSYyDLUxmBERECmbaH6AWZQ,2021-02-10,,,,,-23,
NE,Niger,Agadez Region,,,NE-1,,ChIJkSYyDLUxmBERECmbaH6AWZQ,2021-02-11,,,,,-26,
NE,Niger,Agadez Region,,,NE-1,,ChIJkSYyDLUxmBERECmbaH6AWZQ,2021-02-12,,,,,-42,
NE,Niger,Agadez Region,,,NE-1,,ChIJkSYyDLUxmBERECmbaH6AWZQ,2021-02-13,,,,,-34,
NE,Niger,Agadez Region,,,NE-1,,ChIJkSYyDLUxmBERECmbaH6AWZQ,2021-02-14,,,,,-39,
NE,Niger,Agadez Region,,,NE-1,,ChIJkSYyDLUxmBERECmbaH6AWZQ,2021-02-15,,,,,-33,
NE,Niger,Agadez Region,,,NE-1,,ChIJkSYyDLUxmBERECmbaH6AWZQ,2021-02-16,,,,,-33,
NE,Niger,Agadez Region,,,NE-1,,ChIJkSYyDLUxmBERECmbaH6AWZQ,2021-02-17,,,,,-23,
NE,Niger,Agadez Region,,,NE-1,,ChIJkSYyDLUxmBERECmbaH6AWZQ,2021-02-18,,,,,-35,
NE,Niger,Agadez Region,,,NE-1,,ChIJkSYyDLUxmBERECmbaH6AWZQ,2021-02-19,,,,,-36,
NE,Niger,Agadez Region,,,NE-1,,ChIJkSYyDLUxmBERECmbaH6AWZQ,2021-02-20,,,,,-32,
NE,Niger,Agadez Region,,,NE-1,,ChIJkSYyDLUxmBERECmbaH6AWZQ,2021-02-21,,,,,-38,
NE,Niger,Agadez Region,,,NE-1,,ChIJkSYyDLUxmBERECmbaH6AWZQ,2021-02-22,,,,,-29,
NE,Niger,Agadez Region,,,NE-1,,ChIJkSYyDLUxmBERECmbaH6AWZQ,2021-02-23,,,,,-35,
NE,Niger,Agadez Region,,,NE-1,,ChIJkSYyDLUxmBERECmbaH6AWZQ,2021-02-24,,,,,-64,
NE,Niger,Agadez Region,,,NE-1,,ChIJkSYyDLUxmBERECmbaH6AWZQ,2021-02-25,,,,,-78,
NE,Niger,Agadez Region,,,NE-1,,ChIJkSYyDLUxmBERECmbaH6AWZQ,2021-03-01,,,,,-78,
NE,Niger,Agadez Region,,,NE-1,,ChIJkSYyDLUxmBERECmbaH6AWZQ,2021-03-02,,,,,-78,
NE,Niger,Agadez Region,,,NE-1,,ChIJkSYyDLUxmBERECmbaH6AWZQ,2021-03-03,,,,,-70,
NE,Niger,Agadez Region,,,NE-1,,ChIJkSYyDLUxmBERECmbaH6AWZQ,2021-03-04,,,,,-76,
NE,Niger,Agadez Region,,,NE-1,,ChIJkSYyDLUxmBERECmbaH6AWZQ,2021-03-05,,,,,-71,
NE,Niger,Agadez Region,,,NE-1,,ChIJkSYyDLUxmBERECmbaH6AWZQ,2021-03-06,,,,,-39,
NE,Niger,Agadez Region,,,NE-1,,ChIJkSYyDLUxmBERECmbaH6AWZQ,2021-03-08,,,,,-32,
NE,Niger,Agadez Region,,,NE-1,,ChIJkSYyDLUxmBERECmbaH6AWZQ,2021-03-09,,,,,-36,
NE,Niger,Agadez Region,,,NE-1,,ChIJkSYyDLUxmBERECmbaH6AWZQ,2021-03-10,,,,,-29,
NE,Niger,Agadez Region,,,NE-1,,ChIJkSYyDLUxmBERECmbaH6AWZQ,2021-03-11,,,,,-31,
NE,Niger,Agadez Region,,,NE-1,,ChIJkSYyDLUxmBERECmbaH6AWZQ,2021-03-12,,,,,-32,
NE,Niger,Agadez Region,,,NE-1,,ChIJkSYyDLUxmBERECmbaH6AWZQ,2021-03-13,,,,,-34,
NE,Niger,Agadez Region,,,NE-1,,ChIJkSYyDLUxmBERECmbaH6AWZQ,2021-03-15,,,,,-30,
NE,Niger,Agadez Region,,,NE-1,,ChIJkSYyDLUxmBERECmbaH6AWZQ,2021-03-16,,,,,-34,
NE,Niger,Agadez Region,,,NE-1,,ChIJkSYyDLUxmBERECmbaH6AWZQ,2021-03-17,,,,,-26,
NE,Niger,Agadez Region,,,NE-1,,ChIJkSYyDLUxmBERECmbaH6AWZQ,2021-03-18,,,,,-33,
NE,Niger,Agadez Region,,,NE-1,,ChIJkSYyDLUxmBERECmbaH6AWZQ,2021-03-19,,,,,-39,
NE,Niger,Agadez Region,,,NE-1,,ChIJkSYyDLUxmBERECmbaH6AWZQ,2021-03-20,,,,,-40,
NE,Niger,Agadez Region,,,NE-1,,ChIJkSYyDLUxmBERECmbaH6AWZQ,2021-03-21,,,,,-41,
NE,Niger,Agadez Region,,,NE-1,,ChIJkSYyDLUxmBERECmbaH6AWZQ,2021-03-22,,,,,-36,
NE,Niger,Agadez Region,,,NE-1,,ChIJkSYyDLUxmBERECmbaH6AWZQ,2021-03-23,,,,,-40,
NE,Niger,Agadez Region,,,NE-1,,ChIJkSYyDLUxmBERECmbaH6AWZQ,2021-03-24,,,,,-32,
NE,Niger,Agadez Region,,,NE-1,,ChIJkSYyDLUxmBERECmbaH6AWZQ,2021-03-25,,,,,-40,
NE,Niger,Agadez Region,,,NE-1,,ChIJkSYyDLUxmBERECmbaH6AWZQ,2021-03-26,,,,,-42,
NE,Niger,Agadez Region,,,NE-1,,ChIJkSYyDLUxmBERECmbaH6AWZQ,2021-03-27,,,,,-36,
NE,Niger,Agadez Region,,,NE-1,,ChIJkSYyDLUxmBERECmbaH6AWZQ,2021-03-28,,,,,-37,
NE,Niger,Agadez Region,,,NE-1,,ChIJkSYyDLUxmBERECmbaH6AWZQ,2021-03-29,,,,,-35,
NE,Niger,Agadez Region,,,NE-1,,ChIJkSYyDLUxmBERECmbaH6AWZQ,2021-03-30,,,,,-36,
NE,Niger,Agadez Region,,,NE-1,,ChIJkSYyDLUxmBERECmbaH6AWZQ,2021-03-31,,,,,-38,
NE,Niger,Agadez Region,,,NE-1,,ChIJkSYyDLUxmBERECmbaH6AWZQ,2021-04-01,,,,,-37,
NE,Niger,Agadez Region,,,NE-1,,ChIJkSYyDLUxmBERECmbaH6AWZQ,2021-04-02,,,,,-46,
NE,Niger,Agadez Region,,,NE-1,,ChIJkSYyDLUxmBERECmbaH6AWZQ,2021-04-03,,,,,-34,
NE,Niger,Agadez Region,,,NE-1,,ChIJkSYyDLUxmBERECmbaH6AWZQ,2021-04-04,,,,,-34,
NE,Niger,Agadez Region,,,NE-1,,ChIJkSYyDLUxmBERECmbaH6AWZQ,2021-04-05,,,,,-46,
NE,Niger,Agadez Region,,,NE-1,,ChIJkSYyDLUxmBERECmbaH6AWZQ,2021-04-06,,,,,-30,
NE,Niger,Agadez Region,,,NE-1,,ChIJkSYyDLUxmBERECmbaH6AWZQ,2021-04-07,,,,,-28,
NE,Niger,Agadez Region,,,NE-1,,ChIJkSYyDLUxmBERECmbaH6AWZQ,2021-04-08,,,,,-28,
NE,Niger,Agadez Region,,,NE-1,,ChIJkSYyDLUxmBERECmbaH6AWZQ,2021-04-09,,,,,-32,
NE,Niger,Agadez Region,,,NE-1,,ChIJkSYyDLUxmBERECmbaH6AWZQ,2021-04-10,,,,,-32,
NE,Niger,Agadez Region,,,NE-1,,ChIJkSYyDLUxmBERECmbaH6AWZQ,2021-04-11,,,,,-34,
NE,Niger,Agadez Region,,,NE-1,,ChIJkSYyDLUxmBERECmbaH6AWZQ,2021-04-12,,,,,-39,
NE,Niger,Agadez Region,,,NE-1,,ChIJkSYyDLUxmBERECmbaH6AWZQ,2021-04-13,,,,,-33,
NE,Niger,Agadez Region,,,NE-1,,ChIJkSYyDLUxmBERECmbaH6AWZQ,2021-04-14,,,,,-25,
NE,Niger,Agadez Region,,,NE-1,,ChIJkSYyDLUxmBERECmbaH6AWZQ,2021-04-15,,,,,-29,
NE,Niger,Agadez Region,,,NE-1,,ChIJkSYyDLUxmBERECmbaH6AWZQ,2021-04-16,,,,,-35,
NE,Niger,Agadez Region,,,NE-1,,ChIJkSYyDLUxmBERECmbaH6AWZQ,2021-04-17,,,,,-29,
NE,Niger,Agadez Region,,,NE-1,,ChIJkSYyDLUxmBERECmbaH6AWZQ,2021-04-18,,,,,-34,
NE,Niger,Agadez Region,,,NE-1,,ChIJkSYyDLUxmBERECmbaH6AWZQ,2021-04-19,,,,,-28,
NE,Niger,Agadez Region,,,NE-1,,ChIJkSYyDLUxmBERECmbaH6AWZQ,2021-04-20,,,,,-35,
NE,Niger,Agadez Region,,,NE-1,,ChIJkSYyDLUxmBERECmbaH6AWZQ,2021-04-21,,,,,-28,
NE,Niger,Agadez Region,,,NE-1,,ChIJkSYyDLUxmBERECmbaH6AWZQ,2021-04-22,,,,,-34,
NE,Niger,Agadez Region,,,NE-1,,ChIJkSYyDLUxmBERECmbaH6AWZQ,2021-04-23,,,,,-41,
NE,Niger,Agadez Region,,,NE-1,,ChIJkSYyDLUxmBERECmbaH6AWZQ,2021-04-24,,,,,-34,
NE,Niger,Agadez Region,,,NE-1,,ChIJkSYyDLUxmBERECmbaH6AWZQ,2021-04-25,,,,,-34,
NE,Niger,Agadez Region,,,NE-1,,ChIJkSYyDLUxmBERECmbaH6AWZQ,2021-04-26,,,,,-36,
NE,Niger,Agadez Region,,,NE-1,,ChIJkSYyDLUxmBERECmbaH6AWZQ,2021-04-27,,,,,-40,
NE,Niger,Agadez Region,,,NE-1,,ChIJkSYyDLUxmBERECmbaH6AWZQ,2021-04-28,,,,,-35,
NE,Niger,Agadez Region,,,NE-1,,ChIJkSYyDLUxmBERECmbaH6AWZQ,2021-04-29,,,,,-38,
NE,Niger,Agadez Region,,,NE-1,,ChIJkSYyDLUxmBERECmbaH6AWZQ,2021-04-30,,,,,-35,
NE,Niger,Agadez Region,,,NE-1,,ChIJkSYyDLUxmBERECmbaH6AWZQ,2021-05-01,,,,,-30,
NE,Niger,Agadez Region,,,NE-1,,ChIJkSYyDLUxmBERECmbaH6AWZQ,2021-05-02,,,,,-30,
NE,Niger,Agadez Region,,,NE-1,,ChIJkSYyDLUxmBERECmbaH6AWZQ,2021-05-03,,,,,-27,
NE,Niger,Agadez Region,,,NE-1,,ChIJkSYyDLUxmBERECmbaH6AWZQ,2021-05-04,,,,,-33,
NE,Niger,Agadez Region,,,NE-1,,ChIJkSYyDLUxmBERECmbaH6AWZQ,2021-05-05,,,,,-28,
NE,Niger,Agadez Region,,,NE-1,,ChIJkSYyDLUxmBERECmbaH6AWZQ,2021-05-06,,,,,-34,
NE,Niger,Agadez Region,,,NE-1,,ChIJkSYyDLUxmBERECmbaH6AWZQ,2021-05-07,,,,,-33,
NE,Niger,Agadez Region,,,NE-1,,ChIJkSYyDLUxmBERECmbaH6AWZQ,2021-05-08,,,,,-31,
NE,Niger,Agadez Region,,,NE-1,,ChIJkSYyDLUxmBERECmbaH6AWZQ,2021-05-10,,,,,-32,
NE,Niger,Agadez Region,,,NE-1,,ChIJkSYyDLUxmBERECmbaH6AWZQ,2021-05-11,,,,,-34,
NE,Niger,Agadez Region,,,NE-1,,ChIJkSYyDLUxmBERECmbaH6AWZQ,2021-05-12,,,,,-65,
NE,Niger,Agadez Region,,,NE-1,,ChIJkSYyDLUxmBERECmbaH6AWZQ,2021-05-13,,,,,-43,
NE,Niger,Agadez Region,,,NE-1,,ChIJkSYyDLUxmBERECmbaH6AWZQ,2021-05-14,,,,,-38,
NE,Niger,Agadez Region,,,NE-1,,ChIJkSYyDLUxmBERECmbaH6AWZQ,2021-05-15,,,,,-33,
NE,Niger,Agadez Region,,,NE-1,,ChIJkSYyDLUxmBERECmbaH6AWZQ,2021-05-16,,,,,-35,
NE,Niger,Agadez Region,,,NE-1,,ChIJkSYyDLUxmBERECmbaH6AWZQ,2021-05-17,,,,,-27,
NE,Niger,Agadez Region,,,NE-1,,ChIJkSYyDLUxmBERECmbaH6AWZQ,2021-05-18,,,,,-28,
NE,Niger,Agadez Region,,,NE-1,,ChIJkSYyDLUxmBERECmbaH6AWZQ,2021-05-19,,,,,-19,
NE,Niger,Agadez Region,,,NE-1,,ChIJkSYyDLUxmBERECmbaH6AWZQ,2021-05-20,,,,,-25,
NE,Niger,Agadez Region,,,NE-1,,ChIJkSYyDLUxmBERECmbaH6AWZQ,2021-05-21,,,,,-28,
NE,Niger,Agadez Region,,,NE-1,,ChIJkSYyDLUxmBERECmbaH6AWZQ,2021-05-22,,,,,-27,
NE,Niger,Agadez Region,,,NE-1,,ChIJkSYyDLUxmBERECmbaH6AWZQ,2021-05-24,,,,,-21,
NE,Niger,Agadez Region,,,NE-1,,ChIJkSYyDLUxmBERECmbaH6AWZQ,2021-05-25,,,,,-18,
NE,Niger,Agadez Region,,,NE-1,,ChIJkSYyDLUxmBERECmbaH6AWZQ,2021-05-26,,,,,-25,
NE,Niger,Agadez Region,,,NE-1,,ChIJkSYyDLUxmBERECmbaH6AWZQ,2021-05-27,,,,,-24,
NE,Niger,Agadez Region,,,NE-1,,ChIJkSYyDLUxmBERECmbaH6AWZQ,2021-05-28,,,,,-21,
NE,Niger,Agadez Region,,,NE-1,,ChIJkSYyDLUxmBERECmbaH6AWZQ,2021-05-29,,,,,-15,
NE,Niger,Agadez Region,,,NE-1,,ChIJkSYyDLUxmBERECmbaH6AWZQ,2021-05-31,,,,,-28,
NE,Niger,Agadez Region,,,NE-1,,ChIJkSYyDLUxmBERECmbaH6AWZQ,2021-06-01,,,,,-34,
NE,Niger,Agadez Region,,,NE-1,,ChIJkSYyDLUxmBERECmbaH6AWZQ,2021-06-02,,,,,-23,
NE,Niger,Agadez Region,,,NE-1,,ChIJkSYyDLUxmBERECmbaH6AWZQ,2021-06-03,,,,,-30,
NE,Niger,Agadez Region,,,NE-1,,ChIJkSYyDLUxmBERECmbaH6AWZQ,2021-06-04,,,,,-29,
NE,Niger,Agadez Region,,,NE-1,,ChIJkSYyDLUxmBERECmbaH6AWZQ,2021-06-05,,,,,-25,
NE,Niger,Agadez Region,,,NE-1,,ChIJkSYyDLUxmBERECmbaH6AWZQ,2021-06-07,,,,,-30,
NE,Niger,Agadez Region,,,NE-1,,ChIJkSYyDLUxmBERECmbaH6AWZQ,2021-06-08,,,,,-30,
NE,Niger,Agadez Region,,,NE-1,,ChIJkSYyDLUxmBERECmbaH6AWZQ,2021-06-09,,,,,-22,
NE,Niger,Agadez Region,,,NE-1,,ChIJkSYyDLUxmBERECmbaH6AWZQ,2021-06-10,,,,,-29,
NE,Niger,Agadez Region,,,NE-1,,ChIJkSYyDLUxmBERECmbaH6AWZQ,2021-06-11,,,,,-37,
NE,Niger,Agadez Region,,,NE-1,,ChIJkSYyDLUxmBERECmbaH6AWZQ,2021-06-12,,,,,-27,
NE,Niger,Agadez Region,,,NE-1,,ChIJkSYyDLUxmBERECmbaH6AWZQ,2021-06-14,,,,,-31,
NE,Niger,Agadez Region,,,NE-1,,ChIJkSYyDLUxmBERECmbaH6AWZQ,2021-06-15,,,,,-26,
NE,Niger,Agadez Region,,,NE-1,,ChIJkSYyDLUxmBERECmbaH6AWZQ,2021-06-16,,,,,-28,
NE,Niger,Agadez Region,,,NE-1,,ChIJkSYyDLUxmBERECmbaH6AWZQ,2021-06-17,,,,,-31,
NE,Niger,Agadez Region,,,NE-1,,ChIJkSYyDLUxmBERECmbaH6AWZQ,2021-06-18,,,,,-20,
NE,Niger,Agadez Region,,,NE-1,,ChIJkSYyDLUxmBERECmbaH6AWZQ,2021-06-19,,,,,-28,
NE,Niger,Agadez Region,,,NE-1,,ChIJkSYyDLUxmBERECmbaH6AWZQ,2021-06-20,,,,,-42,
NE,Niger,Agadez Region,,,NE-1,,ChIJkSYyDLUxmBERECmbaH6AWZQ,2021-06-21,,,,,-26,
NE,Niger,Agadez Region,,,NE-1,,ChIJkSYyDLUxmBERECmbaH6AWZQ,2021-06-22,,,,,-26,
NE,Niger,Agadez Region,,,NE-1,,ChIJkSYyDLUxmBERECmbaH6AWZQ,2021-06-23,,,,,-21,
NE,Niger,Agadez Region,,,NE-1,,ChIJkSYyDLUxmBERECmbaH6AWZQ,2021-06-24,,,,,-24,
NE,Niger,Maradi Region,,,NE-4,,ChIJnY-OjnuAuhER6s-5m19Rv5c,2021-01-01,,,,,-45,
NE,Niger,Maradi Region,,,NE-4,,ChIJnY-OjnuAuhER6s-5m19Rv5c,2021-01-02,,,,,-28,
NE,Niger,Maradi Region,,,NE-4,,ChIJnY-OjnuAuhER6s-5m19Rv5c,2021-01-03,,,,,-35,
NE,Niger,Maradi Region,,,NE-4,,ChIJnY-OjnuAuhER6s-5m19Rv5c,2021-01-04,,,,,-28,
NE,Niger,Maradi Region,,,NE-4,,ChIJnY-OjnuAuhER6s-5m19Rv5c,2021-01-05,,,,,-19,
NE,Niger,Maradi Region,,,NE-4,,ChIJnY-OjnuAuhER6s-5m19Rv5c,2021-01-06,,,,,-20,
NE,Niger,Maradi Region,,,NE-4,,ChIJnY-OjnuAuhER6s-5m19Rv5c,2021-01-07,,,,,-21,
NE,Niger,Maradi Region,,,NE-4,,ChIJnY-OjnuAuhER6s-5m19Rv5c,2021-01-08,,,,,-22,
NE,Niger,Maradi Region,,,NE-4,,ChIJnY-OjnuAuhER6s-5m19Rv5c,2021-01-09,,,,,-19,
NE,Niger,Maradi Region,,,NE-4,,ChIJnY-OjnuAuhER6s-5m19Rv5c,2021-01-10,,,,,-19,
NE,Niger,Maradi Region,,,NE-4,,ChIJnY-OjnuAuhER6s-5m19Rv5c,2021-01-11,,,,,-20,
NE,Niger,Maradi Region,,,NE-4,,ChIJnY-OjnuAuhER6s-5m19Rv5c,2021-01-12,,,,,-16,
NE,Niger,Maradi Region,,,NE-4,,ChIJnY-OjnuAuhER6s-5m19Rv5c,2021-01-13,,,,,-14,
NE,Niger,Maradi Region,,,NE-4,,ChIJnY-OjnuAuhER6s-5m19Rv5c,2021-01-14,,,,,-18,
NE,Niger,Maradi Region,,,NE-4,,ChIJnY-OjnuAuhER6s-5m19Rv5c,2021-01-15,,,,,-18,
NE,Niger,Maradi Region,,,NE-4,,ChIJnY-OjnuAuhER6s-5m19Rv5c,2021-01-16,,,,,-18,
NE,Niger,Maradi Region,,,NE-4,,ChIJnY-OjnuAuhER6s-5m19Rv5c,2021-01-17,,,,,-18,
NE,Niger,Maradi Region,,,NE-4,,ChIJnY-OjnuAuhER6s-5m19Rv5c,2021-01-18,,,,,-21,
NE,Niger,Maradi Region,,,NE-4,,ChIJnY-OjnuAuhER6s-5m19Rv5c,2021-01-19,,,,,-12,
NE,Niger,Maradi Region,,,NE-4,,ChIJnY-OjnuAuhER6s-5m19Rv5c,2021-01-20,,,,,-14,
NE,Niger,Maradi Region,,,NE-4,,ChIJnY-OjnuAuhER6s-5m19Rv5c,2021-01-21,,,,,-12,
NE,Niger,Maradi Region,,,NE-4,,ChIJnY-OjnuAuhER6s-5m19Rv5c,2021-01-22,,,,,-16,
NE,Niger,Maradi Region,,,NE-4,,ChIJnY-OjnuAuhER6s-5m19Rv5c,2021-01-23,,,,,-16,
NE,Niger,Maradi Region,,,NE-4,,ChIJnY-OjnuAuhER6s-5m19Rv5c,2021-01-24,,,,,-20,
NE,Niger,Maradi Region,,,NE-4,,ChIJnY-OjnuAuhER6s-5m19Rv5c,2021-01-25,,,,,-18,
NE,Niger,Maradi Region,,,NE-4,,ChIJnY-OjnuAuhER6s-5m19Rv5c,2021-01-26,,,,,-13,
NE,Niger,Maradi Region,,,NE-4,,ChIJnY-OjnuAuhER6s-5m19Rv5c,2021-01-27,,,,,-9,
NE,Niger,Maradi Region,,,NE-4,,ChIJnY-OjnuAuhER6s-5m19Rv5c,2021-01-28,,,,,-13,
NE,Niger,Maradi Region,,,NE-4,,ChIJnY-OjnuAuhER6s-5m19Rv5c,2021-01-29,,,,,-16,
NE,Niger,Maradi Region,,,NE-4,,ChIJnY-OjnuAuhER6s-5m19Rv5c,2021-01-30,,,,,-20,
NE,Niger,Maradi Region,,,NE-4,,ChIJnY-OjnuAuhER6s-5m19Rv5c,2021-01-31,,,,,-17,
NE,Niger,Maradi Region,,,NE-4,,ChIJnY-OjnuAuhER6s-5m19Rv5c,2021-02-01,,,,,-27,
NE,Niger,Maradi Region,,,NE-4,,ChIJnY-OjnuAuhER6s-5m19Rv5c,2021-02-02,,,,,-20,
NE,Niger,Maradi Region,,,NE-4,,ChIJnY-OjnuAuhER6s-5m19Rv5c,2021-02-03,,,,,-27,
NE,Niger,Maradi Region,,,NE-4,,ChIJnY-OjnuAuhER6s-5m19Rv5c,2021-02-04,,,,,-31,
NE,Niger,Maradi Region,,,NE-4,,ChIJnY-OjnuAuhER6s-5m19Rv5c,2021-02-05,,,,,-23,
NE,Niger,Maradi Region,,,NE-4,,ChIJnY-OjnuAuhER6s-5m19Rv5c,2021-02-06,,,,,-29,
NE,Niger,Maradi Region,,,NE-4,,ChIJnY-OjnuAuhER6s-5m19Rv5c,2021-02-07,,,,,-36,
NE,Niger,Maradi Region,,,NE-4,,ChIJnY-OjnuAuhER6s-5m19Rv5c,2021-02-08,,,,,-32,
NE,Niger,Maradi Region,,,NE-4,,ChIJnY-OjnuAuhER6s-5m19Rv5c,2021-02-09,,,,,-30,
NE,Niger,Maradi Region,,,NE-4,,ChIJnY-OjnuAuhER6s-5m19Rv5c,2021-02-10,,,,,-30,
NE,Niger,Maradi Region,,,NE-4,,ChIJnY-OjnuAuhER6s-5m19Rv5c,2021-02-11,,,,,-25,
NE,Niger,Maradi Region,,,NE-4,,ChIJnY-OjnuAuhER6s-5m19Rv5c,2021-02-12,,,,,-29,
NE,Niger,Maradi Region,,,NE-4,,ChIJnY-OjnuAuhER6s-5m19Rv5c,2021-02-13,,,,,-29,
NE,Niger,Maradi Region,,,NE-4,,ChIJnY-OjnuAuhER6s-5m19Rv5c,2021-02-14,,,,,-36,
NE,Niger,Maradi Region,,,NE-4,,ChIJnY-OjnuAuhER6s-5m19Rv5c,2021-02-15,,,,,-29,
NE,Niger,Maradi Region,,,NE-4,,ChIJnY-OjnuAuhER6s-5m19Rv5c,2021-02-16,,,,,-39,
NE,Niger,Maradi Region,,,NE-4,,ChIJnY-OjnuAuhER6s-5m19Rv5c,2021-02-17,,,,,-26,
NE,Niger,Maradi Region,,,NE-4,,ChIJnY-OjnuAuhER6s-5m19Rv5c,2021-02-18,,,,,-25,
NE,Niger,Maradi Region,,,NE-4,,ChIJnY-OjnuAuhER6s-5m19Rv5c,2021-02-19,,,,,-27,
NE,Niger,Maradi Region,,,NE-4,,ChIJnY-OjnuAuhER6s-5m19Rv5c,2021-02-20,,,,,-30,
NE,Niger,Maradi Region,,,NE-4,,ChIJnY-OjnuAuhER6s-5m19Rv5c,2021-02-21,,,,,-46,
NE,Niger,Maradi Region,,,NE-4,,ChIJnY-OjnuAuhER6s-5m19Rv5c,2021-02-22,,,,,-30,
NE,Niger,Maradi Region,,,NE-4,,ChIJnY-OjnuAuhER6s-5m19Rv5c,2021-02-23,,,,,-27,
NE,Niger,Maradi Region,,,NE-4,,ChIJnY-OjnuAuhER6s-5m19Rv5c,2021-02-24,,,,,-74,
NE,Niger,Maradi Region,,,NE-4,,ChIJnY-OjnuAuhER6s-5m19Rv5c,2021-02-25,,,,,-81,
NE,Niger,Maradi Region,,,NE-4,,ChIJnY-OjnuAuhER6s-5m19Rv5c,2021-02-26,,,,,-89,
NE,Niger,Maradi Region,,,NE-4,,ChIJnY-OjnuAuhER6s-5m19Rv5c,2021-03-01,,,,,-80,
NE,Niger,Maradi Region,,,NE-4,,ChIJnY-OjnuAuhER6s-5m19Rv5c,2021-03-02,,,,,-80,
NE,Niger,Maradi Region,,,NE-4,,ChIJnY-OjnuAuhER6s-5m19Rv5c,2021-03-03,,,,,-82,
NE,Niger,Maradi Region,,,NE-4,,ChIJnY-OjnuAuhER6s-5m19Rv5c,2021-03-04,,,,,-75,
NE,Niger,Maradi Region,,,NE-4,,ChIJnY-OjnuAuhER6s-5m19Rv5c,2021-03-05,,,,-66,-67,
NE,Niger,Maradi Region,,,NE-4,,ChIJnY-OjnuAuhER6s-5m19Rv5c,2021-03-06,,,,,-35,
NE,Niger,Maradi Region,,,NE-4,,ChIJnY-OjnuAuhER6s-5m19Rv5c,2021-03-07,,,,,-45,
NE,Niger,Maradi Region,,,NE-4,,ChIJnY-OjnuAuhER6s-5m19Rv5c,2021-03-08,,,,,-34,
NE,Niger,Maradi Region,,,NE-4,,ChIJnY-OjnuAuhER6s-5m19Rv5c,2021-03-09,,,,,-30,
NE,Niger,Maradi Region,,,NE-4,,ChIJnY-OjnuAuhER6s-5m19Rv5c,2021-03-10,,,,,-27,
NE,Niger,Maradi Region,,,NE-4,,ChIJnY-OjnuAuhER6s-5m19Rv5c,2021-03-11,,,,,-25,
NE,Niger,Maradi Region,,,NE-4,,ChIJnY-OjnuAuhER6s-5m19Rv5c,2021-03-12,,,,,-26,
NE,Niger,Maradi Region,,,NE-4,,ChIJnY-OjnuAuhER6s-5m19Rv5c,2021-03-13,,,,,-30,
NE,Niger,Maradi Region,,,NE-4,,ChIJnY-OjnuAuhER6s-5m19Rv5c,2021-03-14,,,,,-31,
NE,Niger,Maradi Region,,,NE-4,,ChIJnY-OjnuAuhER6s-5m19Rv5c,2021-03-15,,,,,-29,
NE,Niger,Maradi Region,,,NE-4,,ChIJnY-OjnuAuhER6s-5m19Rv5c,2021-03-16,,,,,-25,
NE,Niger,Maradi Region,,,NE-4,,ChIJnY-OjnuAuhER6s-5m19Rv5c,2021-03-17,,,,,-18,
NE,Niger,Maradi Region,,,NE-4,,ChIJnY-OjnuAuhER6s-5m19Rv5c,2021-03-18,,,,,-21,
NE,Niger,Maradi Region,,,NE-4,,ChIJnY-OjnuAuhER6s-5m19Rv5c,2021-03-19,,,,,-27,
NE,Niger,Maradi Region,,,NE-4,,ChIJnY-OjnuAuhER6s-5m19Rv5c,2021-03-20,,,,,-23,
NE,Niger,Maradi Region,,,NE-4,,ChIJnY-OjnuAuhER6s-5m19Rv5c,2021-03-21,,,,,-27,
NE,Niger,Maradi Region,,,NE-4,,ChIJnY-OjnuAuhER6s-5m19Rv5c,2021-03-22,,,,,-28,
NE,Niger,Maradi Region,,,NE-4,,ChIJnY-OjnuAuhER6s-5m19Rv5c,2021-03-23,,,,,-26,
NE,Niger,Maradi Region,,,NE-4,,ChIJnY-OjnuAuhER6s-5m19Rv5c,2021-03-24,,,,,-22,
NE,Niger,Maradi Region,,,NE-4,,ChIJnY-OjnuAuhER6s-5m19Rv5c,2021-03-25,,,,,-27,
NE,Niger,Maradi Region,,,NE-4,,ChIJnY-OjnuAuhER6s-5m19Rv5c,2021-03-26,,,,,-40,
NE,Niger,Maradi Region,,,NE-4,,ChIJnY-OjnuAuhER6s-5m19Rv5c,2021-03-27,,,,,-35,
NE,Niger,Maradi Region,,,NE-4,,ChIJnY-OjnuAuhER6s-5m19Rv5c,2021-03-28,,,,,-27,
NE,Niger,Maradi Region,,,NE-4,,ChIJnY-OjnuAuhER6s-5m19Rv5c,2021-03-29,,,,,-37,
NE,Niger,Maradi Region,,,NE-4,,ChIJnY-OjnuAuhER6s-5m19Rv5c,2021-03-30,,,,,-32,
NE,Niger,Maradi Region,,,NE-4,,ChIJnY-OjnuAuhER6s-5m19Rv5c,2021-03-31,,,,,-34,
NE,Niger,Maradi Region,,,NE-4,,ChIJnY-OjnuAuhER6s-5m19Rv5c,2021-04-01,,,,,-35,
NE,Niger,Maradi Region,,,NE-4,,ChIJnY-OjnuAuhER6s-5m19Rv5c,2021-04-02,,,,,-41,
NE,Niger,Maradi Region,,,NE-4,,ChIJnY-OjnuAuhER6s-5m19Rv5c,2021-04-03,,,,,-35,
NE,Niger,Maradi Region,,,NE-4,,ChIJnY-OjnuAuhER6s-5m19Rv5c,2021-04-04,,,,,-40,
NE,Niger,Maradi Region,,,NE-4,,ChIJnY-OjnuAuhER6s-5m19Rv5c,2021-04-05,,,,,-53,
NE,Niger,Maradi Region,,,NE-4,,ChIJnY-OjnuAuhER6s-5m19Rv5c,2021-04-06,,,,,-28,
NE,Niger,Maradi Region,,,NE-4,,ChIJnY-OjnuAuhER6s-5m19Rv5c,2021-04-07,,,,,-26,
NE,Niger,Maradi Region,,,NE-4,,ChIJnY-OjnuAuhER6s-5m19Rv5c,2021-04-08,,,,,-22,
NE,Niger,Maradi Region,,,NE-4,,ChIJnY-OjnuAuhER6s-5m19Rv5c,2021-04-09,,,,,-22,
NE,Niger,Maradi Region,,,NE-4,,ChIJnY-OjnuAuhER6s-5m19Rv5c,2021-04-10,,,,,-30,
NE,Niger,Maradi Region,,,NE-4,,ChIJnY-OjnuAuhER6s-5m19Rv5c,2021-04-11,,,,,-32,
NE,Niger,Maradi Region,,,NE-4,,ChIJnY-OjnuAuhER6s-5m19Rv5c,2021-04-12,,,,,-25,
NE,Niger,Maradi Region,,,NE-4,,ChIJnY-OjnuAuhER6s-5m19Rv5c,2021-04-13,,,,,-24,
NE,Niger,Maradi Region,,,NE-4,,ChIJnY-OjnuAuhER6s-5m19Rv5c,2021-04-14,,,,,-28,
NE,Niger,Maradi Region,,,NE-4,,ChIJnY-OjnuAuhER6s-5m19Rv5c,2021-04-15,,,,,-22,
NE,Niger,Maradi Region,,,NE-4,,ChIJnY-OjnuAuhER6s-5m19Rv5c,2021-04-16,,,,,-29,
NE,Niger,Maradi Region,,,NE-4,,ChIJnY-OjnuAuhER6s-5m19Rv5c,2021-04-17,,,,,-25,
NE,Niger,Maradi Region,,,NE-4,,ChIJnY-OjnuAuhER6s-5m19Rv5c,2021-04-18,,,,,-29,
NE,Niger,Maradi Region,,,NE-4,,ChIJnY-OjnuAuhER6s-5m19Rv5c,2021-04-19,,,,,-28,
NE,Niger,Maradi Region,,,NE-4,,ChIJnY-OjnuAuhER6s-5m19Rv5c,2021-04-20,,,,,-19,
NE,Niger,Maradi Region,,,NE-4,,ChIJnY-OjnuAuhER6s-5m19Rv5c,2021-04-21,,,,,-24,
NE,Niger,Maradi Region,,,NE-4,,ChIJnY-OjnuAuhER6s-5m19Rv5c,2021-04-22,,,,,-24,
NE,Niger,Maradi Region,,,NE-4,,ChIJnY-OjnuAuhER6s-5m19Rv5c,2021-04-23,,,,,-28,
NE,Niger,Maradi Region,,,NE-4,,ChIJnY-OjnuAuhER6s-5m19Rv5c,2021-04-24,,,,,-26,
NE,Niger,Maradi Region,,,NE-4,,ChIJnY-OjnuAuhER6s-5m19Rv5c,2021-04-25,,,,,-28,
NE,Niger,Maradi Region,,,NE-4,,ChIJnY-OjnuAuhER6s-5m19Rv5c,2021-04-26,,,,,-22,
NE,Niger,Maradi Region,,,NE-4,,ChIJnY-OjnuAuhER6s-5m19Rv5c,2021-04-27,,,,,-21,
NE,Niger,Maradi Region,,,NE-4,,ChIJnY-OjnuAuhER6s-5m19Rv5c,2021-04-28,,,,,-30,
NE,Niger,Maradi Region,,,NE-4,,ChIJnY-OjnuAuhER6s-5m19Rv5c,2021-04-29,,,,,-26,
NE,Niger,Maradi Region,,,NE-4,,ChIJnY-OjnuAuhER6s-5m19Rv5c,2021-04-30,,,,,-27,
NE,Niger,Maradi Region,,,NE-4,,ChIJnY-OjnuAuhER6s-5m19Rv5c,2021-05-01,,,,,-36,
NE,Niger,Maradi Region,,,NE-4,,ChIJnY-OjnuAuhER6s-5m19Rv5c,2021-05-02,,,,,-28,
NE,Niger,Maradi Region,,,NE-4,,ChIJnY-OjnuAuhER6s-5m19Rv5c,2021-05-03,,,,,-25,
NE,Niger,Maradi Region,,,NE-4,,ChIJnY-OjnuAuhER6s-5m19Rv5c,2021-05-04,,,,,-21,
NE,Niger,Maradi Region,,,NE-4,,ChIJnY-OjnuAuhER6s-5m19Rv5c,2021-05-05,,,,,-26,
NE,Niger,Maradi Region,,,NE-4,,ChIJnY-OjnuAuhER6s-5m19Rv5c,2021-05-06,,,,,-19,
NE,Niger,Maradi Region,,,NE-4,,ChIJnY-OjnuAuhER6s-5m19Rv5c,2021-05-07,,,,,-25,
NE,Niger,Maradi Region,,,NE-4,,ChIJnY-OjnuAuhER6s-5m19Rv5c,2021-05-08,,,,,-21,
NE,Niger,Maradi Region,,,NE-4,,ChIJnY-OjnuAuhER6s-5m19Rv5c,2021-05-09,,,,,-30,
NE,Niger,Maradi Region,,,NE-4,,ChIJnY-OjnuAuhER6s-5m19Rv5c,2021-05-10,,,,,-31,
NE,Niger,Maradi Region,,,NE-4,,ChIJnY-OjnuAuhER6s-5m19Rv5c,2021-05-11,,,,,-35,
NE,Niger,Maradi Region,,,NE-4,,ChIJnY-OjnuAuhER6s-5m19Rv5c,2021-05-12,,,,,-70,
NE,Niger,Maradi Region,,,NE-4,,ChIJnY-OjnuAuhER6s-5m19Rv5c,2021-05-13,,,,,-44,
NE,Niger,Maradi Region,,,NE-4,,ChIJnY-OjnuAuhER6s-5m19Rv5c,2021-05-14,,,,,-32,
NE,Niger,Maradi Region,,,NE-4,,ChIJnY-OjnuAuhER6s-5m19Rv5c,2021-05-15,,,,,-28,
NE,Niger,Maradi Region,,,NE-4,,ChIJnY-OjnuAuhER6s-5m19Rv5c,2021-05-16,,,,,-31,
NE,Niger,Maradi Region,,,NE-4,,ChIJnY-OjnuAuhER6s-5m19Rv5c,2021-05-17,,,,,-19,
NE,Niger,Maradi Region,,,NE-4,,ChIJnY-OjnuAuhER6s-5m19Rv5c,2021-05-18,,,,,-19,
NE,Niger,Maradi Region,,,NE-4,,ChIJnY-OjnuAuhER6s-5m19Rv5c,2021-05-19,,,,,-20,
NE,Niger,Maradi Region,,,NE-4,,ChIJnY-OjnuAuhER6s-5m19Rv5c,2021-05-20,,,,,-24,
NE,Niger,Maradi Region,,,NE-4,,ChIJnY-OjnuAuhER6s-5m19Rv5c,2021-05-21,,,,,-21,
NE,Niger,Maradi Region,,,NE-4,,ChIJnY-OjnuAuhER6s-5m19Rv5c,2021-05-22,,,,,-25,
NE,Niger,Maradi Region,,,NE-4,,ChIJnY-OjnuAuhER6s-5m19Rv5c,2021-05-23,,,,,-24,
NE,Niger,Maradi Region,,,NE-4,,ChIJnY-OjnuAuhER6s-5m19Rv5c,2021-05-24,,,,,-27,
NE,Niger,Maradi Region,,,NE-4,,ChIJnY-OjnuAuhER6s-5m19Rv5c,2021-05-25,,,,,-23,
NE,Niger,Maradi Region,,,NE-4,,ChIJnY-OjnuAuhER6s-5m19Rv5c,2021-05-26,,,,,-21,
NE,Niger,Maradi Region,,,NE-4,,ChIJnY-OjnuAuhER6s-5m19Rv5c,2021-05-27,,,,,-24,
NE,Niger,Maradi Region,,,NE-4,,ChIJnY-OjnuAuhER6s-5m19Rv5c,2021-05-28,,,,,-20,
NE,Niger,Maradi Region,,,NE-4,,ChIJnY-OjnuAuhER6s-5m19Rv5c,2021-05-29,,,,,-25,
NE,Niger,Maradi Region,,,NE-4,,ChIJnY-OjnuAuhER6s-5m19Rv5c,2021-05-30,,,,,-19,
NE,Niger,Maradi Region,,,NE-4,,ChIJnY-OjnuAuhER6s-5m19Rv5c,2021-05-31,,,,,-25,
NE,Niger,Maradi Region,,,NE-4,,ChIJnY-OjnuAuhER6s-5m19Rv5c,2021-06-01,,,,,-17,
NE,Niger,Maradi Region,,,NE-4,,ChIJnY-OjnuAuhER6s-5m19Rv5c,2021-06-02,,,,,-20,
NE,Niger,Maradi Region,,,NE-4,,ChIJnY-OjnuAuhER6s-5m19Rv5c,2021-06-03,,,,,-17,
NE,Niger,Maradi Region,,,NE-4,,ChIJnY-OjnuAuhER6s-5m19Rv5c,2021-06-04,,,,,-22,
NE,Niger,Maradi Region,,,NE-4,,ChIJnY-OjnuAuhER6s-5m19Rv5c,2021-06-05,,,,,-20,
NE,Niger,Maradi Region,,,NE-4,,ChIJnY-OjnuAuhER6s-5m19Rv5c,2021-06-06,,,,,-23,
NE,Niger,Maradi Region,,,NE-4,,ChIJnY-OjnuAuhER6s-5m19Rv5c,2021-06-07,,,,,-25,
NE,Niger,Maradi Region,,,NE-4,,ChIJnY-OjnuAuhER6s-5m19Rv5c,2021-06-08,,,,,-28,
NE,Niger,Maradi Region,,,NE-4,,ChIJnY-OjnuAuhER6s-5m19Rv5c,2021-06-09,,,,,-21,
NE,Niger,Maradi Region,,,NE-4,,ChIJnY-OjnuAuhER6s-5m19Rv5c,2021-06-10,,,,,-14,
NE,Niger,Maradi Region,,,NE-4,,ChIJnY-OjnuAuhER6s-5m19Rv5c,2021-06-11,,,,,-20,
NE,Niger,Maradi Region,,,NE-4,,ChIJnY-OjnuAuhER6s-5m19Rv5c,2021-06-12,,,,,-22,
NE,Niger,Maradi Region,,,NE-4,,ChIJnY-OjnuAuhER6s-5m19Rv5c,2021-06-13,,,,,-33,
NE,Niger,Maradi Region,,,NE-4,,ChIJnY-OjnuAuhER6s-5m19Rv5c,2021-06-14,,,,,-18,
NE,Niger,Maradi Region,,,NE-4,,ChIJnY-OjnuAuhER6s-5m19Rv5c,2021-06-15,,,,,-16,
NE,Niger,Maradi Region,,,NE-4,,ChIJnY-OjnuAuhER6s-5m19Rv5c,2021-06-16,,,,,-18,
NE,Niger,Maradi Region,,,NE-4,,ChIJnY-OjnuAuhER6s-5m19Rv5c,2021-06-17,,,,,-22,
NE,Niger,Maradi Region,,,NE-4,,ChIJnY-OjnuAuhER6s-5m19Rv5c,2021-06-18,,,,,-21,
NE,Niger,Maradi Region,,,NE-4,,ChIJnY-OjnuAuhER6s-5m19Rv5c,2021-06-19,,,,,-26,
NE,Niger,Maradi Region,,,NE-4,,ChIJnY-OjnuAuhER6s-5m19Rv5c,2021-06-20,,,,,-19,
NE,Niger,Maradi Region,,,NE-4,,ChIJnY-OjnuAuhER6s-5m19Rv5c,2021-06-21,,,,,-39,
NE,Niger,Maradi Region,,,NE-4,,ChIJnY-OjnuAuhER6s-5m19Rv5c,2021-06-22,,,,,-24,
NE,Niger,Maradi Region,,,NE-4,,ChIJnY-OjnuAuhER6s-5m19Rv5c,2021-06-23,,,,,-23,
NE,Niger,Maradi Region,,,NE-4,,ChIJnY-OjnuAuhER6s-5m19Rv5c,2021-06-24,,,,,-20,
NE,Niger,Niamey Urban Community,,,NE-8,,ChIJOUfMJHN10BERe6H-GxKgJ94,2021-01-01,2,33,8,9,-57,11
NE,Niger,Niamey Urban Community,,,NE-8,,ChIJOUfMJHN10BERe6H-GxKgJ94,2021-01-02,6,39,24,31,-24,4
NE,Niger,Niamey Urban Community,,,NE-8,,ChIJOUfMJHN10BERe6H-GxKgJ94,2021-01-03,9,-22,,33,-15,2
NE,Niger,Niamey Urban Community,,,NE-8,,ChIJOUfMJHN10BERe6H-GxKgJ94,2021-01-04,16,-15,16,34,-16,-1
NE,Niger,Niamey Urban Community,,,NE-8,,ChIJOUfMJHN10BERe6H-GxKgJ94,2021-01-05,21,-8,,34,-11,0
NE,Niger,Niamey Urban Community,,,NE-8,,ChIJOUfMJHN10BERe6H-GxKgJ94,2021-01-06,16,-6,20,38,-7,2
NE,Niger,Niamey Urban Community,,,NE-8,,ChIJOUfMJHN10BERe6H-GxKgJ94,2021-01-07,22,-7,,30,-7,1
NE,Niger,Niamey Urban Community,,,NE-8,,ChIJOUfMJHN10BERe6H-GxKgJ94,2021-01-08,21,49,26,17,-7,0
NE,Niger,Niamey Urban Community,,,NE-8,,ChIJOUfMJHN10BERe6H-GxKgJ94,2021-01-09,17,42,8,22,-8,-1
NE,Niger,Niamey Urban Community,,,NE-8,,ChIJOUfMJHN10BERe6H-GxKgJ94,2021-01-10,19,-19,,23,-9,-1
NE,Niger,Niamey Urban Community,,,NE-8,,ChIJOUfMJHN10BERe6H-GxKgJ94,2021-01-11,25,-12,17,41,-8,-1
NE,Niger,Niamey Urban Community,,,NE-8,,ChIJOUfMJHN10BERe6H-GxKgJ94,2021-01-12,15,-13,,24,-8,-1
NE,Niger,Niamey Urban Community,,,NE-8,,ChIJOUfMJHN10BERe6H-GxKgJ94,2021-01-13,15,-11,18,26,-8,-1
NE,Niger,Niamey Urban Community,,,NE-8,,ChIJOUfMJHN10BERe6H-GxKgJ94,2021-01-14,15,-15,,15,-10,0
NE,Niger,Niamey Urban Community,,,NE-8,,ChIJOUfMJHN10BERe6H-GxKgJ94,2021-01-15,14,39,14,5,-12,1
NE,Niger,Niamey Urban Community,,,NE-8,,ChIJOUfMJHN10BERe6H-GxKgJ94,2021-01-16,10,31,8,12,-13,1
NE,Niger,Niamey Urban Community,,,NE-8,,ChIJOUfMJHN10BERe6H-GxKgJ94,2021-01-17,4,-25,,11,-17,2
NE,Niger,Niamey Urban Community,,,NE-8,,ChIJOUfMJHN10BERe6H-GxKgJ94,2021-01-18,11,-20,24,15,-15,1
NE,Niger,Niamey Urban Community,,,NE-8,,ChIJOUfMJHN10BERe6H-GxKgJ94,2021-01-19,11,-15,,15,-14,1
NE,Niger,Niamey Urban Community,,,NE-8,,ChIJOUfMJHN10BERe6H-GxKgJ94,2021-01-20,12,-13,13,20,-10,3
NE,Niger,Niamey Urban Community,,,NE-8,,ChIJOUfMJHN10BERe6H-GxKgJ94,2021-01-21,15,-16,,14,-10,3
NE,Niger,Niamey Urban Community,,,NE-8,,ChIJOUfMJHN10BERe6H-GxKgJ94,2021-01-22,14,40,,9,-10,2
NE,Niger,Niamey Urban Community,,,NE-8,,ChIJOUfMJHN10BERe6H-GxKgJ94,2021-01-23,12,36,,13,-10,3
NE,Niger,Niamey Urban Community,,,NE-8,,ChIJOUfMJHN10BERe6H-GxKgJ94,2021-01-24,13,-23,,23,-12,3
NE,Niger,Niamey Urban Community,,,NE-8,,ChIJOUfMJHN10BERe6H-GxKgJ94,2021-01-25,16,-18,,23,-9,3
NE,Niger,Niamey Urban Community,,,NE-8,,ChIJOUfMJHN10BERe6H-GxKgJ94,2021-01-26,14,-16,,12,-9,2
NE,Niger,Niamey Urban Community,,,NE-8,,ChIJOUfMJHN10BERe6H-GxKgJ94,2021-01-27,14,-16,,25,-7,2
NE,Niger,Niamey Urban Community,,,NE-8,,ChIJOUfMJHN10BERe6H-GxKgJ94,2021-01-28,28,-18,,17,-6,0
NE,Niger,Niamey Urban Community,,,NE-8,,ChIJOUfMJHN10BERe6H-GxKgJ94,2021-01-29,47,39,34,11,-9,-2
NE,Niger,Niamey Urban Community,,,NE-8,,ChIJOUfMJHN10BERe6H-GxKgJ94,2021-01-30,44,34,27,12,-14,-4
NE,Niger,Niamey Urban Community,,,NE-8,,ChIJOUfMJHN10BERe6H-GxKgJ94,2021-01-31,41,-32,,5,-19,-3
NE,Niger,Niamey Urban Community,,,NE-8,,ChIJOUfMJHN10BERe6H-GxKgJ94,2021-02-01,46,-28,25,15,-9,-6
NE,Niger,Niamey Urban Community,,,NE-8,,ChIJOUfMJHN10BERe6H-GxKgJ94,2021-02-02,51,-27,,19,-8,-6
NE,Niger,Niamey Urban Community,,,NE-8,,ChIJOUfMJHN10BERe6H-GxKgJ94,2021-02-03,45,-28,,30,-8,-3
NE,Niger,Niamey Urban Community,,,NE-8,,ChIJOUfMJHN10BERe6H-GxKgJ94,2021-02-04,43,-30,,20,-11,-4
NE,Niger,Niamey Urban Community,,,NE-8,,ChIJOUfMJHN10BERe6H-GxKgJ94,2021-02-05,40,32,23,19,-11,-5
NE,Niger,Niamey Urban Community,,,NE-8,,ChIJOUfMJHN10BERe6H-GxKgJ94,2021-02-06,39,25,29,25,-14,-4
NE,Niger,Niamey Urban Community,,,NE-8,,ChIJOUfMJHN10BERe6H-GxKgJ94,2021-02-07,37,-35,,19,-19,-4
NE,Niger,Niamey Urban Community,,,NE-8,,ChIJOUfMJHN10BERe6H-GxKgJ94,2021-02-08,44,-29,,21,-13,-6
NE,Niger,Niamey Urban Community,,,NE-8,,ChIJOUfMJHN10BERe6H-GxKgJ94,2021-02-09,44,-30,,25,-21,-1
NE,Niger,Niamey Urban Community,,,NE-8,,ChIJOUfMJHN10BERe6H-GxKgJ94,2021-02-10,44,-27,,30,-8,-5
NE,Niger,Niamey Urban Community,,,NE-8,,ChIJOUfMJHN10BERe6H-GxKgJ94,2021-02-11,43,-29,,24,-9,-5
NE,Niger,Niamey Urban Community,,,NE-8,,ChIJOUfMJHN10BERe6H-GxKgJ94,2021-02-12,35,24,16,25,-11,-5
NE,Niger,Niamey Urban Community,,,NE-8,,ChIJOUfMJHN10BERe6H-GxKgJ94,2021-02-13,39,17,15,22,-15,-6
NE,Niger,Niamey Urban Community,,,NE-8,,ChIJOUfMJHN10BERe6H-GxKgJ94,2021-02-14,42,-37,,23,-19,-5
NE,Niger,Niamey Urban Community,,,NE-8,,ChIJOUfMJHN10BERe6H-GxKgJ94,2021-02-15,36,-36,5,22,-15,-6
NE,Niger,Niamey Urban Community,,,NE-8,,ChIJOUfMJHN10BERe6H-GxKgJ94,2021-02-16,40,-33,,21,-23,-2
NE,Niger,Niamey Urban Community,,,NE-8,,ChIJOUfMJHN10BERe6H-GxKgJ94,2021-02-17,29,-35,14,17,-13,-3
NE,Niger,Niamey Urban Community,,,NE-8,,ChIJOUfMJHN10BERe6H-GxKgJ94,2021-02-18,36,-34,,21,-13,-4
NE,Niger,Niamey Urban Community,,,NE-8,,ChIJOUfMJHN10BERe6H-GxKgJ94,2021-02-19,34,17,13,25,-13,-4
NE,Niger,Niamey Urban Community,,,NE-8,,ChIJOUfMJHN10BERe6H-GxKgJ94,2021-02-20,34,8,13,22,-17,-4
NE,Niger,Niamey Urban Community,,,NE-8,,ChIJOUfMJHN10BERe6H-GxKgJ94,2021-02-21,10,-48,,4,-36,-2
NE,Niger,Niamey Urban Community,,,NE-8,,ChIJOUfMJHN10BERe6H-GxKgJ94,2021-02-22,43,-34,20,24,-13,-5
NE,Niger,Niamey Urban Community,,,NE-8,,ChIJOUfMJHN10BERe6H-GxKgJ94,2021-02-23,18,-45,,11,-13,-2
NE,Niger,Niamey Urban Community,,,NE-8,,ChIJOUfMJHN10BERe6H-GxKgJ94,2021-02-24,-71,-85,-70,-52,-70,-7
NE,Niger,Niamey Urban Community,,,NE-8,,ChIJOUfMJHN10BERe6H-GxKgJ94,2021-02-25,-85,-92,-84,-68,-77,-8
NE,Niger,Niamey Urban Community,,,NE-8,,ChIJOUfMJHN10BERe6H-GxKgJ94,2021-02-26,-90,-91,,-77,-83,
NE,Niger,Niamey Urban Community,,,NE-8,,ChIJOUfMJHN10BERe6H-GxKgJ94,2021-02-27,-90,-93,,-80,-86,
NE,Niger,Niamey Urban Community,,,NE-8,,ChIJOUfMJHN10BERe6H-GxKgJ94,2021-02-28,-87,-94,,-74,-83,
NE,Niger,Niamey Urban Community,,,NE-8,,ChIJOUfMJHN10BERe6H-GxKgJ94,2021-03-01,-76,-90,-78,-66,-68,-13
NE,Niger,Niamey Urban Community,,,NE-8,,ChIJOUfMJHN10BERe6H-GxKgJ94,2021-03-02,-75,-90,-73,-65,-68,-10
NE,Niger,Niamey Urban Community,,,NE-8,,ChIJOUfMJHN10BERe6H-GxKgJ94,2021-03-03,-72,-88,-79,-60,-65,-13
NE,Niger,Niamey Urban Community,,,NE-8,,ChIJOUfMJHN10BERe6H-GxKgJ94,2021-03-04,-68,-87,-72,-57,-63,-15
NE,Niger,Niamey Urban Community,,,NE-8,,ChIJOUfMJHN10BERe6H-GxKgJ94,2021-03-05,-39,-51,-51,-35,-53,-36
NE,Niger,Niamey Urban Community,,,NE-8,,ChIJOUfMJHN10BERe6H-GxKgJ94,2021-03-06,32,3,4,20,-22,-16
NE,Niger,Niamey Urban Community,,,NE-8,,ChIJOUfMJHN10BERe6H-GxKgJ94,2021-03-07,33,-45,,16,-22,-8
NE,Niger,Niamey Urban Community,,,NE-8,,ChIJOUfMJHN10BERe6H-GxKgJ94,2021-03-08,43,-35,22,40,-16,-6
NE,Niger,Niamey Urban Community,,,NE-8,,ChIJOUfMJHN10BERe6H-GxKgJ94,2021-03-09,42,-34,,33,-11,-7
NE,Niger,Niamey Urban Community,,,NE-8,,ChIJOUfMJHN10BERe6H-GxKgJ94,2021-03-10,39,-31,,34,-11,-5
NE,Niger,Niamey Urban Community,,,NE-8,,ChIJOUfMJHN10BERe6H-GxKgJ94,2021-03-11,45,-32,,33,-9,-7
NE,Niger,Niamey Urban Community,,,NE-8,,ChIJOUfMJHN10BERe6H-GxKgJ94,2021-03-12,16,5,-2,21,-24,1
NE,Niger,Niamey Urban Community,,,NE-8,,ChIJOUfMJHN10BERe6H-GxKgJ94,2021-03-13,40,14,27,38,-16,-5
NE,Niger,Niamey Urban Community,,,NE-8,,ChIJOUfMJHN10BERe6H-GxKgJ94,2021-03-14,40,-40,,46,-16,-4
NE,Niger,Niamey Urban Community,,,NE-8,,ChIJOUfMJHN10BERe6H-GxKgJ94,2021-03-15,45,-33,,46,-9,-7
NE,Niger,Niamey Urban Community,,,NE-8,,ChIJOUfMJHN10BERe6H-GxKgJ94,2021-03-16,45,-31,,40,-9,-6
NE,Niger,Niamey Urban Community,,,NE-8,,ChIJOUfMJHN10BERe6H-GxKgJ94,2021-03-17,41,-32,,46,-8,-5
NE,Niger,Niamey Urban Community,,,NE-8,,ChIJOUfMJHN10BERe6H-GxKgJ94,2021-03-18,43,-31,,42,-9,-6
NE,Niger,Niamey Urban Community,,,NE-8,,ChIJOUfMJHN10BERe6H-GxKgJ94,2021-03-19,47,28,22,48,-8,-8
NE,Niger,Niamey Urban Community,,,NE-8,,ChIJOUfMJHN10BERe6H-GxKgJ94,2021-03-20,36,13,16,39,-23,-2
NE,Niger,Niamey Urban Community,,,NE-8,,ChIJOUfMJHN10BERe6H-GxKgJ94,2021-03-21,41,-36,,44,-18,-6
NE,Niger,Niamey Urban Community,,,NE-8,,ChIJOUfMJHN10BERe6H-GxKgJ94,2021-03-22,40,-31,13,47,-14,-6
NE,Niger,Niamey Urban Community,,,NE-8,,ChIJOUfMJHN10BERe6H-GxKgJ94,2021-03-23,43,-32,,42,-11,-6
NE,Niger,Niamey Urban Community,,,NE-8,,ChIJOUfMJHN10BERe6H-GxKgJ94,2021-03-24,49,-25,11,54,-12,-6
NE,Niger,Niamey Urban Community,,,NE-8,,ChIJOUfMJHN10BERe6H-GxKgJ94,2021-03-25,55,-26,,57,-16,-4
NE,Niger,Niamey Urban Community,,,NE-8,,ChIJOUfMJHN10BERe6H-GxKgJ94,2021-03-26,52,39,13,54,-18,-5
NE,Niger,Niamey Urban Community,,,NE-8,,ChIJOUfMJHN10BERe6H-GxKgJ94,2021-03-27,52,27,15,59,-26,-7
NE,Niger,Niamey Urban Community,,,NE-8,,ChIJOUfMJHN10BERe6H-GxKgJ94,2021-03-28,56,-33,,57,-19,-8
NE,Niger,Niamey Urban Community,,,NE-8,,ChIJOUfMJHN10BERe6H-GxKgJ94,2021-03-29,54,-28,12,60,-17,-5
NE,Niger,Niamey Urban Community,,,NE-8,,ChIJOUfMJHN10BERe6H-GxKgJ94,2021-03-30,57,-24,,55,-15,-3
NE,Niger,Niamey Urban Community,,,NE-8,,ChIJOUfMJHN10BERe6H-GxKgJ94,2021-03-31,25,-33,9,42,-28,5
NE,Niger,Niamey Urban Community,,,NE-8,,ChIJOUfMJHN10BERe6H-GxKgJ94,2021-04-01,54,-24,,52,-18,-2
NE,Niger,Niamey Urban Community,,,NE-8,,ChIJOUfMJHN10BERe6H-GxKgJ94,2021-04-02,44,29,17,46,-35,4
NE,Niger,Niamey Urban Community,,,NE-8,,ChIJOUfMJHN10BERe6H-GxKgJ94,2021-04-03,58,32,26,41,-20,-4
NE,Niger,Niamey Urban Community,,,NE-8,,ChIJOUfMJHN10BERe6H-GxKgJ94,2021-04-04,61,-28,,57,-17,-8
NE,Niger,Niamey Urban Community,,,NE-8,,ChIJOUfMJHN10BERe6H-GxKgJ94,2021-04-05,41,-35,8,33,-56,5
NE,Niger,Niamey Urban Community,,,NE-8,,ChIJOUfMJHN10BERe6H-GxKgJ94,2021-04-06,52,-24,,62,-5,-9
NE,Niger,Niamey Urban Community,,,NE-8,,ChIJOUfMJHN10BERe6H-GxKgJ94,2021-04-07,53,-23,20,56,-7,-6
NE,Niger,Niamey Urban Community,,,NE-8,,ChIJOUfMJHN10BERe6H-GxKgJ94,2021-04-08,57,-23,,57,-5,-6
NE,Niger,Niamey Urban Community,,,NE-8,,ChIJOUfMJHN10BERe6H-GxKgJ94,2021-04-09,56,39,38,54,-5,-7
NE,Niger,Niamey Urban Community,,,NE-8,,ChIJOUfMJHN10BERe6H-GxKgJ94,2021-04-10,62,32,29,48,-16,-6
NE,Niger,Niamey Urban Community,,,NE-8,,ChIJOUfMJHN10BERe6H-GxKgJ94,2021-04-11,59,-32,,53,-17,-8
NE,Niger,Niamey Urban Community,,,NE-8,,ChIJOUfMJHN10BERe6H-GxKgJ94,2021-04-12,68,-16,,57,-7,-9
NE,Niger,Niamey Urban Community,,,NE-8,,ChIJOUfMJHN10BERe6H-GxKgJ94,2021-04-13,28,-29,3,33,-9,-1
NE,Niger,Niamey Urban Community,,,NE-8,,ChIJOUfMJHN10BERe6H-GxKgJ94,2021-04-14,31,-31,8,43,-15,4
NE,Niger,Niamey Urban Community,,,NE-8,,ChIJOUfMJHN10BERe6H-GxKgJ94,2021-04-15,31,-32,,34,-4,1
NE,Niger,Niamey Urban Community,,,NE-8,,ChIJOUfMJHN10BERe6H-GxKgJ94,2021-04-16,25,20,17,32,-3,0
NE,Niger,Niamey Urban Community,,,NE-8,,ChIJOUfMJHN10BERe6H-GxKgJ94,2021-04-17,34,12,14,27,-1,4
NE,Niger,Niamey Urban Community,,,NE-8,,ChIJOUfMJHN10BERe6H-GxKgJ94,2021-04-18,34,-42,,31,-4,3
NE,Niger,Niamey Urban Community,,,NE-8,,ChIJOUfMJHN10BERe6H-GxKgJ94,2021-04-19,31,-36,13,36,-4,0
NE,Niger,Niamey Urban Community,,,NE-8,,ChIJOUfMJHN10BERe6H-GxKgJ94,2021-04-20,31,-35,,38,-5,0
NE,Niger,Niamey Urban Community,,,NE-8,,ChIJOUfMJHN10BERe6H-GxKgJ94,2021-04-21,32,-32,18,35,-4,1
NE,Niger,Niamey Urban Community,,,NE-8,,ChIJOUfMJHN10BERe6H-GxKgJ94,2021-04-22,38,-31,,41,-1,1
NE,Niger,Niamey Urban Community,,,NE-8,,ChIJOUfMJHN10BERe6H-GxKgJ94,2021-04-23,23,12,12,26,-4,0
NE,Niger,Niamey Urban Community,,,NE-8,,ChIJOUfMJHN10BERe6H-GxKgJ94,2021-04-24,35,11,3,20,-12,4
NE,Niger,Niamey Urban Community,,,NE-8,,ChIJOUfMJHN10BERe6H-GxKgJ94,2021-04-25,38,-41,,31,-1,2
NE,Niger,Niamey Urban Community,,,NE-8,,ChIJOUfMJHN10BERe6H-GxKgJ94,2021-04-26,37,-35,12,32,-4,-2
NE,Niger,Niamey Urban Community,,,NE-8,,ChIJOUfMJHN10BERe6H-GxKgJ94,2021-04-27,39,-34,,27,-4,-1
NE,Niger,Niamey Urban Community,,,NE-8,,ChIJOUfMJHN10BERe6H-GxKgJ94,2021-04-28,36,-29,11,32,-7,1
NE,Niger,Niamey Urban Community,,,NE-8,,ChIJOUfMJHN10BERe6H-GxKgJ94,2021-04-29,44,-29,,40,-7,1
NE,Niger,Niamey Urban Community,,,NE-8,,ChIJOUfMJHN10BERe6H-GxKgJ94,2021-04-30,38,26,19,31,-8,2
NE,Niger,Niamey Urban Community,,,NE-8,,ChIJOUfMJHN10BERe6H-GxKgJ94,2021-05-01,39,13,10,19,-13,4
NE,Niger,Niamey Urban Community,,,NE-8,,ChIJOUfMJHN10BERe6H-GxKgJ94,2021-05-02,46,-37,,31,0,1
NE,Niger,Niamey Urban Community,,,NE-8,,ChIJOUfMJHN10BERe6H-GxKgJ94,2021-05-03,45,-31,18,36,-7,-2
NE,Niger,Niamey Urban Community,,,NE-8,,ChIJOUfMJHN10BERe6H-GxKgJ94,2021-05-04,43,-29,,37,-6,-2
NE,Niger,Niamey Urban Community,,,NE-8,,ChIJOUfMJHN10BERe6H-GxKgJ94,2021-05-05,40,-28,20,39,-5,-1
NE,Niger,Niamey Urban Community,,,NE-8,,ChIJOUfMJHN10BERe6H-GxKgJ94,2021-05-06,41,-27,,34,-3,-1
NE,Niger,Niamey Urban Community,,,NE-8,,ChIJOUfMJHN10BERe6H-GxKgJ94,2021-05-07,41,35,25,31,-3,-1
NE,Niger,Niamey Urban Community,,,NE-8,,ChIJOUfMJHN10BERe6H-GxKgJ94,2021-05-08,44,22,18,35,0,1
NE,Niger,Niamey Urban Community,,,NE-8,,ChIJOUfMJHN10BERe6H-GxKgJ94,2021-05-09,52,-25,,41,-2,0
NE,Niger,Niamey Urban Community,,,NE-8,,ChIJOUfMJHN10BERe6H-GxKgJ94,2021-05-10,60,-17,,59,-8,-4
NE,Niger,Niamey Urban Community,,,NE-8,,ChIJOUfMJHN10BERe6H-GxKgJ94,2021-05-11,71,2,,67,-13,-4
NE,Niger,Niamey Urban Community,,,NE-8,,ChIJOUfMJHN10BERe6H-GxKgJ94,2021-05-12,10,-40,,18,-78,1
NE,Niger,Niamey Urban Community,,,NE-8,,ChIJOUfMJHN10BERe6H-GxKgJ94,2021-05-13,42,-29,,27,-27,0
NE,Niger,Niamey Urban Community,,,NE-8,,ChIJOUfMJHN10BERe6H-GxKgJ94,2021-05-14,51,42,38,33,-7,-1
NE,Niger,Niamey Urban Community,,,NE-8,,ChIJOUfMJHN10BERe6H-GxKgJ94,2021-05-15,58,27,32,21,-6,-1
NE,Niger,Niamey Urban Community,,,NE-8,,ChIJOUfMJHN10BERe6H-GxKgJ94,2021-05-16,56,-31,,41,-7,-4
NE,Niger,Niamey Urban Community,,,NE-8,,ChIJOUfMJHN10BERe6H-GxKgJ94,2021-05-17,58,-23,,48,1,-7
NE,Niger,Niamey Urban Community,,,NE-8,,ChIJOUfMJHN10BERe6H-GxKgJ94,2021-05-18,52,-27,,33,0,-5
NE,Niger,Niamey Urban Community,,,NE-8,,ChIJOUfMJHN10BERe6H-GxKgJ94,2021-05-19,48,-25,,51,0,-4
NE,Niger,Niamey Urban Community,,,NE-8,,ChIJOUfMJHN10BERe6H-GxKgJ94,2021-05-20,59,-26,,34,2,-4
NE,Niger,Niamey Urban Community,,,NE-8,,ChIJOUfMJHN10BERe6H-GxKgJ94,2021-05-21,67,48,,45,5,-7
NE,Niger,Niamey Urban Community,,,NE-8,,ChIJOUfMJHN10BERe6H-GxKgJ94,2021-05-22,62,33,43,35,2,-8
NE,Niger,Niamey Urban Community,,,NE-8,,ChIJOUfMJHN10BERe6H-GxKgJ94,2021-05-23,63,-31,,40,-5,-9
NE,Niger,Niamey Urban Community,,,NE-8,,ChIJOUfMJHN10BERe6H-GxKgJ94,2021-05-24,63,-23,,45,1,-9
NE,Niger,Niamey Urban Community,,,NE-8,,ChIJOUfMJHN10BERe6H-GxKgJ94,2021-05-25,66,-21,,40,3,-9
NE,Niger,Niamey Urban Community,,,NE-8,,ChIJOUfMJHN10BERe6H-GxKgJ94,2021-05-26,68,-17,,47,3,-9
NE,Niger,Niamey Urban Community,,,NE-8,,ChIJOUfMJHN10BERe6H-GxKgJ94,2021-05-27,72,-19,,46,3,-8
NE,Niger,Niamey Urban Community,,,NE-8,,ChIJOUfMJHN10BERe6H-GxKgJ94,2021-05-28,73,57,,57,5,-10
NE,Niger,Niamey Urban Community,,,NE-8,,ChIJOUfMJHN10BERe6H-GxKgJ94,2021-05-29,80,56,,51,2,-12
NE,Niger,Niamey Urban Community,,,NE-8,,ChIJOUfMJHN10BERe6H-GxKgJ94,2021-05-30,79,-24,,53,-3,-11
NE,Niger,Niamey Urban Community,,,NE-8,,ChIJOUfMJHN10BERe6H-GxKgJ94,2021-05-31,80,-15,,62,3,-12
NE,Niger,Niamey Urban Community,,,NE-8,,ChIJOUfMJHN10BERe6H-GxKgJ94,2021-06-01,79,-15,,54,0,-11
NE,Niger,Niamey Urban Community,,,NE-8,,ChIJOUfMJHN10BERe6H-GxKgJ94,2021-06-02,77,-14,,54,0,-11
NE,Niger,Niamey Urban Community,,,NE-8,,ChIJOUfMJHN10BERe6H-GxKgJ94,2021-06-03,84,-16,,56,4,-9
NE,Niger,Niamey Urban Community,,,NE-8,,ChIJOUfMJHN10BERe6H-GxKgJ94,2021-06-04,82,58,,57,4,-10
NE,Niger,Niamey Urban Community,,,NE-8,,ChIJOUfMJHN10BERe6H-GxKgJ94,2021-06-05,80,50,,54,-3,-11
NE,Niger,Niamey Urban Community,,,NE-8,,ChIJOUfMJHN10BERe6H-GxKgJ94,2021-06-06,78,-26,,65,-3,-11
NE,Niger,Niamey Urban Community,,,NE-8,,ChIJOUfMJHN10BERe6H-GxKgJ94,2021-06-07,82,-16,,64,3,-12
NE,Niger,Niamey Urban Community,,,NE-8,,ChIJOUfMJHN10BERe6H-GxKgJ94,2021-06-08,79,-15,,53,3,-10
NE,Niger,Niamey Urban Community,,,NE-8,,ChIJOUfMJHN10BERe6H-GxKgJ94,2021-06-09,75,-15,,66,2,-10
NE,Niger,Niamey Urban Community,,,NE-8,,ChIJOUfMJHN10BERe6H-GxKgJ94,2021-06-10,81,-15,,58,5,-10
NE,Niger,Niamey Urban Community,,,NE-8,,ChIJOUfMJHN10BERe6H-GxKgJ94,2021-06-11,79,57,,60,4,-8
NE,Niger,Niamey Urban Community,,,NE-8,,ChIJOUfMJHN10BERe6H-GxKgJ94,2021-06-12,73,44,,44,-3,-10
NE,Niger,Niamey Urban Community,,,NE-8,,ChIJOUfMJHN10BERe6H-GxKgJ94,2021-06-13,69,-27,,59,-3,-10
NE,Niger,Niamey Urban Community,,,NE-8,,ChIJOUfMJHN10BERe6H-GxKgJ94,2021-06-14,75,-17,,55,1,-12
NE,Niger,Niamey Urban Community,,,NE-8,,ChIJOUfMJHN10BERe6H-GxKgJ94,2021-06-15,62,-23,,42,0,-10
NE,Niger,Niamey Urban Community,,,NE-8,,ChIJOUfMJHN10BERe6H-GxKgJ94,2021-06-16,66,-19,,73,-3,-13
NE,Niger,Niamey Urban Community,,,NE-8,,ChIJOUfMJHN10BERe6H-GxKgJ94,2021-06-17,65,-20,,55,-1,-10
NE,Niger,Niamey Urban Community,,,NE-8,,ChIJOUfMJHN10BERe6H-GxKgJ94,2021-06-18,62,47,,64,-1,-11
NE,Niger,Niamey Urban Community,,,NE-8,,ChIJOUfMJHN10BERe6H-GxKgJ94,2021-06-19,56,29,,60,-7,-10
NE,Niger,Niamey Urban Community,,,NE-8,,ChIJOUfMJHN10BERe6H-GxKgJ94,2021-06-20,58,-32,,62,-7,-10
NE,Niger,Niamey Urban Community,,,NE-8,,ChIJOUfMJHN10BERe6H-GxKgJ94,2021-06-21,53,-28,,53,-7,-9
NE,Niger,Niamey Urban Community,,,NE-8,,ChIJOUfMJHN10BERe6H-GxKgJ94,2021-06-22,71,-20,,69,-3,-12
NE,Niger,Niamey Urban Community,,,NE-8,,ChIJOUfMJHN10BERe6H-GxKgJ94,2021-06-23,67,-18,,71,-2,-9
NE,Niger,Niamey Urban Community,,,NE-8,,ChIJOUfMJHN10BERe6H-GxKgJ94,2021-06-24,74,-19,,62,0,-11
NE,Niger,Tahoua Region,,,NE-5,,ChIJJ4d0ETWyuBERBuBHP2WqUT4,2021-01-01,,,,,-42,
NE,Niger,Tahoua Region,,,NE-5,,ChIJJ4d0ETWyuBERBuBHP2WqUT4,2021-01-02,,,,,-21,
NE,Niger,Tahoua Region,,,NE-5,,ChIJJ4d0ETWyuBERBuBHP2WqUT4,2021-01-04,,,,,-21,
NE,Niger,Tahoua Region,,,NE-5,,ChIJJ4d0ETWyuBERBuBHP2WqUT4,2021-01-05,,,,,-22,
NE,Niger,Tahoua Region,,,NE-5,,ChIJJ4d0ETWyuBERBuBHP2WqUT4,2021-01-06,,,,,-15,
NE,Niger,Tahoua Region,,,NE-5,,ChIJJ4d0ETWyuBERBuBHP2WqUT4,2021-01-07,,,,,-14,
NE,Niger,Tahoua Region,,,NE-5,,ChIJJ4d0ETWyuBERBuBHP2WqUT4,2021-01-08,,,,,-15,
NE,Niger,Tahoua Region,,,NE-5,,ChIJJ4d0ETWyuBERBuBHP2WqUT4,2021-01-11,,,,,-19,
NE,Niger,Tahoua Region,,,NE-5,,ChIJJ4d0ETWyuBERBuBHP2WqUT4,2021-01-12,,,,,-18,
NE,Niger,Tahoua Region,,,NE-5,,ChIJJ4d0ETWyuBERBuBHP2WqUT4,2021-01-13,,,,,-23,
NE,Niger,Tahoua Region,,,NE-5,,ChIJJ4d0ETWyuBERBuBHP2WqUT4,2021-01-14,,,,,-15,
NE,Niger,Tahoua Region,,,NE-5,,ChIJJ4d0ETWyuBERBuBHP2WqUT4,2021-01-15,,,,,-20,
NE,Niger,Tahoua Region,,,NE-5,,ChIJJ4d0ETWyuBERBuBHP2WqUT4,2021-01-18,,,,,-22,
NE,Niger,Tahoua Region,,,NE-5,,ChIJJ4d0ETWyuBERBuBHP2WqUT4,2021-01-19,,,,,-17,
NE,Niger,Tahoua Region,,,NE-5,,ChIJJ4d0ETWyuBERBuBHP2WqUT4,2021-01-20,,,,,-19,
NE,Niger,Tahoua Region,,,NE-5,,ChIJJ4d0ETWyuBERBuBHP2WqUT4,2021-01-21,,,,,-18,
NE,Niger,Tahoua Region,,,NE-5,,ChIJJ4d0ETWyuBERBuBHP2WqUT4,2021-01-22,,,,,-16,
NE,Niger,Tahoua Region,,,NE-5,,ChIJJ4d0ETWyuBERBuBHP2WqUT4,2021-01-25,,,,,-19,
NE,Niger,Tahoua Region,,,NE-5,,ChIJJ4d0ETWyuBERBuBHP2WqUT4,2021-01-26,,,,,-18,
NE,Niger,Tahoua Region,,,NE-5,,ChIJJ4d0ETWyuBERBuBHP2WqUT4,2021-01-27,,,,,-17,
NE,Niger,Tahoua Region,,,NE-5,,ChIJJ4d0ETWyuBERBuBHP2WqUT4,2021-01-28,,,,,-18,
NE,Niger,Tahoua Region,,,NE-5,,ChIJJ4d0ETWyuBERBuBHP2WqUT4,2021-01-29,,,,,-14,
NE,Niger,Tahoua Region,,,NE-5,,ChIJJ4d0ETWyuBERBuBHP2WqUT4,2021-01-30,,,,,-21,
NE,Niger,Tahoua Region,,,NE-5,,ChIJJ4d0ETWyuBERBuBHP2WqUT4,2021-02-01,,,,,-32,
NE,Niger,Tahoua Region,,,NE-5,,ChIJJ4d0ETWyuBERBuBHP2WqUT4,2021-02-02,,,,,-25,
NE,Niger,Tahoua Region,,,NE-5,,ChIJJ4d0ETWyuBERBuBHP2WqUT4,2021-02-03,,,,,-24,
NE,Niger,Tahoua Region,,,NE-5,,ChIJJ4d0ETWyuBERBuBHP2WqUT4,2021-02-04,,,,,-25,
NE,Niger,Tahoua Region,,,NE-5,,ChIJJ4d0ETWyuBERBuBHP2WqUT4,2021-02-05,,,,,-27,
NE,Niger,Tahoua Region,,,NE-5,,ChIJJ4d0ETWyuBERBuBHP2WqUT4,2021-02-06,,,,,-20,
NE,Niger,Tahoua Region,,,NE-5,,ChIJJ4d0ETWyuBERBuBHP2WqUT4,2021-02-08,,,,,-27,
NE,Niger,Tahoua Region,,,NE-5,,ChIJJ4d0ETWyuBERBuBHP2WqUT4,2021-02-09,,,,,-38,
NE,Niger,Tahoua Region,,,NE-5,,ChIJJ4d0ETWyuBERBuBHP2WqUT4,2021-02-10,,,,,-26,
NE,Niger,Tahoua Region,,,NE-5,,ChIJJ4d0ETWyuBERBuBHP2WqUT4,2021-02-11,,,,,-25,
NE,Niger,Tahoua Region,,,NE-5,,ChIJJ4d0ETWyuBERBuBHP2WqUT4,2021-02-12,,,,,-35,
NE,Niger,Tahoua Region,,,NE-5,,ChIJJ4d0ETWyuBERBuBHP2WqUT4,2021-02-13,,,,,-24,
NE,Niger,Tahoua Region,,,NE-5,,ChIJJ4d0ETWyuBERBuBHP2WqUT4,2021-02-15,,,,,-30,
NE,Niger,Tahoua Region,,,NE-5,,ChIJJ4d0ETWyuBERBuBHP2WqUT4,2021-02-16,,,,,-35,
NE,Niger,Tahoua Region,,,NE-5,,ChIJJ4d0ETWyuBERBuBHP2WqUT4,2021-02-17,,,,,-29,
NE,Niger,Tahoua Region,,,NE-5,,ChIJJ4d0ETWyuBERBuBHP2WqUT4,2021-02-18,,,,,-32,
NE,Niger,Tahoua Region,,,NE-5,,ChIJJ4d0ETWyuBERBuBHP2WqUT4,2021-02-19,,,,,-38,
NE,Niger,Tahoua Region,,,NE-5,,ChIJJ4d0ETWyuBERBuBHP2WqUT4,2021-02-20,,,,,-36,
NE,Niger,Tahoua Region,,,NE-5,,ChIJJ4d0ETWyuBERBuBHP2WqUT4,2021-02-21,,,,,-40,
NE,Niger,Tahoua Region,,,NE-5,,ChIJJ4d0ETWyuBERBuBHP2WqUT4,2021-02-22,,,,,-33,
NE,Niger,Tahoua Region,,,NE-5,,ChIJJ4d0ETWyuBERBuBHP2WqUT4,2021-02-23,,,,,-39,
NE,Niger,Tahoua Region,,,NE-5,,ChIJJ4d0ETWyuBERBuBHP2WqUT4,2021-02-24,,,,,-75,
NE,Niger,Tahoua Region,,,NE-5,,ChIJJ4d0ETWyuBERBuBHP2WqUT4,2021-02-25,,,,,-80,
NE,Niger,Tahoua Region,,,NE-5,,ChIJJ4d0ETWyuBERBuBHP2WqUT4,2021-03-01,,,,,-80,
NE,Niger,Tahoua Region,,,NE-5,,ChIJJ4d0ETWyuBERBuBHP2WqUT4,2021-03-02,,,,,-83,
NE,Niger,Tahoua Region,,,NE-5,,ChIJJ4d0ETWyuBERBuBHP2WqUT4,2021-03-03,,,,,-81,
NE,Niger,Tahoua Region,,,NE-5,,ChIJJ4d0ETWyuBERBuBHP2WqUT4,2021-03-04,,,,,-79,
NE,Niger,Tahoua Region,,,NE-5,,ChIJJ4d0ETWyuBERBuBHP2WqUT4,2021-03-05,,,,,-66,
NE,Niger,Tahoua Region,,,NE-5,,ChIJJ4d0ETWyuBERBuBHP2WqUT4,2021-03-06,,,,,-41,
NE,Niger,Tahoua Region,,,NE-5,,ChIJJ4d0ETWyuBERBuBHP2WqUT4,2021-03-07,,,,,-41,
NE,Niger,Tahoua Region,,,NE-5,,ChIJJ4d0ETWyuBERBuBHP2WqUT4,2021-03-08,,,,,-44,
NE,Niger,Tahoua Region,,,NE-5,,ChIJJ4d0ETWyuBERBuBHP2WqUT4,2021-03-09,,,,,-46,
NE,Niger,Tahoua Region,,,NE-5,,ChIJJ4d0ETWyuBERBuBHP2WqUT4,2021-03-10,,,,,-36,
NE,Niger,Tahoua Region,,,NE-5,,ChIJJ4d0ETWyuBERBuBHP2WqUT4,2021-03-11,,,,,-37,
NE,Niger,Tahoua Region,,,NE-5,,ChIJJ4d0ETWyuBERBuBHP2WqUT4,2021-03-12,,,,,-40,
NE,Niger,Tahoua Region,,,NE-5,,ChIJJ4d0ETWyuBERBuBHP2WqUT4,2021-03-13,,,,,-31,
NE,Niger,Tahoua Region,,,NE-5,,ChIJJ4d0ETWyuBERBuBHP2WqUT4,2021-03-14,,,,,-41,
NE,Niger,Tahoua Region,,,NE-5,,ChIJJ4d0ETWyuBERBuBHP2WqUT4,2021-03-15,,,,,-40,
NE,Niger,Tahoua Region,,,NE-5,,ChIJJ4d0ETWyuBERBuBHP2WqUT4,2021-03-16,,,,,-38,
NE,Niger,Tahoua Region,,,NE-5,,ChIJJ4d0ETWyuBERBuBHP2WqUT4,2021-03-17,,,,,-35,
NE,Niger,Tahoua Region,,,NE-5,,ChIJJ4d0ETWyuBERBuBHP2WqUT4,2021-03-18,,,,,-24,
NE,Niger,Tahoua Region,,,NE-5,,ChIJJ4d0ETWyuBERBuBHP2WqUT4,2021-03-19,,,,,-29,
NE,Niger,Tahoua Region,,,NE-5,,ChIJJ4d0ETWyuBERBuBHP2WqUT4,2021-03-22,,,,,-34,
NE,Niger,Tahoua Region,,,NE-5,,ChIJJ4d0ETWyuBERBuBHP2WqUT4,2021-03-23,,,,,-27,
NE,Niger,Tahoua Region,,,NE-5,,ChIJJ4d0ETWyuBERBuBHP2WqUT4,2021-03-24,,,,,-34,
NE,Niger,Tahoua Region,,,NE-5,,ChIJJ4d0ETWyuBERBuBHP2WqUT4,2021-03-25,,,,,-37,
NE,Niger,Tahoua Region,,,NE-5,,ChIJJ4d0ETWyuBERBuBHP2WqUT4,2021-03-26,,,,,-45,
NE,Niger,Tahoua Region,,,NE-5,,ChIJJ4d0ETWyuBERBuBHP2WqUT4,2021-03-27,,,,,-38,
NE,Niger,Tahoua Region,,,NE-5,,ChIJJ4d0ETWyuBERBuBHP2WqUT4,2021-03-29,,,,,-42,
NE,Niger,Tahoua Region,,,NE-5,,ChIJJ4d0ETWyuBERBuBHP2WqUT4,2021-03-30,,,,,-45,
NE,Niger,Tahoua Region,,,NE-5,,ChIJJ4d0ETWyuBERBuBHP2WqUT4,2021-03-31,,,,,-40,
NE,Niger,Tahoua Region,,,NE-5,,ChIJJ4d0ETWyuBERBuBHP2WqUT4,2021-04-01,,,,,-42,
NE,Niger,Tahoua Region,,,NE-5,,ChIJJ4d0ETWyuBERBuBHP2WqUT4,2021-04-02,,,,,-40,
NE,Niger,Tahoua Region,,,NE-5,,ChIJJ4d0ETWyuBERBuBHP2WqUT4,2021-04-03,,,,,-36,
NE,Niger,Tahoua Region,,,NE-5,,ChIJJ4d0ETWyuBERBuBHP2WqUT4,2021-04-05,,,,,-54,
NE,Niger,Tahoua Region,,,NE-5,,ChIJJ4d0ETWyuBERBuBHP2WqUT4,2021-04-06,,,,,-33,
NE,Niger,Tahoua Region,,,NE-5,,ChIJJ4d0ETWyuBERBuBHP2WqUT4,2021-04-07,,,,,-25,
NE,Niger,Tahoua Region,,,NE-5,,ChIJJ4d0ETWyuBERBuBHP2WqUT4,2021-04-08,,,,,-24,
NE,Niger,Tahoua Region,,,NE-5,,ChIJJ4d0ETWyuBERBuBHP2WqUT4,2021-04-09,,,,,-32,
NE,Niger,Tahoua Region,,,NE-5,,ChIJJ4d0ETWyuBERBuBHP2WqUT4,2021-04-10,,,,,-35,
NE,Niger,Tahoua Region,,,NE-5,,ChIJJ4d0ETWyuBERBuBHP2WqUT4,2021-04-12,,,,,-29,
NE,Niger,Tahoua Region,,,NE-5,,ChIJJ4d0ETWyuBERBuBHP2WqUT4,2021-04-13,,,,,-35,
NE,Niger,Tahoua Region,,,NE-5,,ChIJJ4d0ETWyuBERBuBHP2WqUT4,2021-04-14,,,,,-39,
NE,Niger,Tahoua Region,,,NE-5,,ChIJJ4d0ETWyuBERBuBHP2WqUT4,2021-04-15,,,,,-34,
NE,Niger,Tahoua Region,,,NE-5,,ChIJJ4d0ETWyuBERBuBHP2WqUT4,2021-04-16,,,,,-30,
NE,Niger,Tahoua Region,,,NE-5,,ChIJJ4d0ETWyuBERBuBHP2WqUT4,2021-04-17,,,,,-24,
NE,Niger,Tahoua Region,,,NE-5,,ChIJJ4d0ETWyuBERBuBHP2WqUT4,2021-04-19,,,,,-27,
NE,Niger,Tahoua Region,,,NE-5,,ChIJJ4d0ETWyuBERBuBHP2WqUT4,2021-04-20,,,,,-29,
NE,Niger,Tahoua Region,,,NE-5,,ChIJJ4d0ETWyuBERBuBHP2WqUT4,2021-04-21,,,,,-27,
NE,Niger,Tahoua Region,,,NE-5,,ChIJJ4d0ETWyuBERBuBHP2WqUT4,2021-04-22,,,,,-29,
NE,Niger,Tahoua Region,,,NE-5,,ChIJJ4d0ETWyuBERBuBHP2WqUT4,2021-04-23,,,,,-33,
NE,Niger,Tahoua Region,,,NE-5,,ChIJJ4d0ETWyuBERBuBHP2WqUT4,2021-04-24,,,,,-25,
NE,Niger,Tahoua Region,,,NE-5,,ChIJJ4d0ETWyuBERBuBHP2WqUT4,2021-04-26,,,,,-26,
NE,Niger,Tahoua Region,,,NE-5,,ChIJJ4d0ETWyuBERBuBHP2WqUT4,2021-04-27,,,,,-28,
NE,Niger,Tahoua Region,,,NE-5,,ChIJJ4d0ETWyuBERBuBHP2WqUT4,2021-04-28,,,,,-30,
NE,Niger,Tahoua Region,,,NE-5,,ChIJJ4d0ETWyuBERBuBHP2WqUT4,2021-04-29,,,,,-39,
NE,Niger,Tahoua Region,,,NE-5,,ChIJJ4d0ETWyuBERBuBHP2WqUT4,2021-04-30,,,,,-38,
NE,Niger,Tahoua Region,,,NE-5,,ChIJJ4d0ETWyuBERBuBHP2WqUT4,2021-05-01,,,,,-36,
NE,Niger,Tahoua Region,,,NE-5,,ChIJJ4d0ETWyuBERBuBHP2WqUT4,2021-05-03,,,,,-33,
NE,Niger,Tahoua Region,,,NE-5,,ChIJJ4d0ETWyuBERBuBHP2WqUT4,2021-05-04,,,,,-26,
NE,Niger,Tahoua Region,,,NE-5,,ChIJJ4d0ETWyuBERBuBHP2WqUT4,2021-05-05,,,,,-30,
NE,Niger,Tahoua Region,,,NE-5,,ChIJJ4d0ETWyuBERBuBHP2WqUT4,2021-05-06,,,,,-26,
NE,Niger,Tahoua Region,,,NE-5,,ChIJJ4d0ETWyuBERBuBHP2WqUT4,2021-05-07,,,,,-29,
NE,Niger,Tahoua Region,,,NE-5,,ChIJJ4d0ETWyuBERBuBHP2WqUT4,2021-05-08,,,,,-21,
NE,Niger,Tahoua Region,,,NE-5,,ChIJJ4d0ETWyuBERBuBHP2WqUT4,2021-05-10,,,,,-30,
NE,Niger,Tahoua Region,,,NE-5,,ChIJJ4d0ETWyuBERBuBHP2WqUT4,2021-05-11,,,,,-43,
NE,Niger,Tahoua Region,,,NE-5,,ChIJJ4d0ETWyuBERBuBHP2WqUT4,2021-05-12,,,,,-68,
NE,Niger,Tahoua Region,,,NE-5,,ChIJJ4d0ETWyuBERBuBHP2WqUT4,2021-05-13,,,,,-46,
NE,Niger,Tahoua Region,,,NE-5,,ChIJJ4d0ETWyuBERBuBHP2WqUT4,2021-05-14,,,,,-37,
NE,Niger,Tahoua Region,,,NE-5,,ChIJJ4d0ETWyuBERBuBHP2WqUT4,2021-05-15,,,,,-29,
NE,Niger,Tahoua Region,,,NE-5,,ChIJJ4d0ETWyuBERBuBHP2WqUT4,2021-05-17,,,,,-34,
NE,Niger,Tahoua Region,,,NE-5,,ChIJJ4d0ETWyuBERBuBHP2WqUT4,2021-05-18,,,,,-31,
NE,Niger,Tahoua Region,,,NE-5,,ChIJJ4d0ETWyuBERBuBHP2WqUT4,2021-05-19,,,,,-32,
NE,Niger,Tahoua Region,,,NE-5,,ChIJJ4d0ETWyuBERBuBHP2WqUT4,2021-05-20,,,,,-37,
NE,Niger,Tahoua Region,,,NE-5,,ChIJJ4d0ETWyuBERBuBHP2WqUT4,2021-05-21,,,,,-33,
NE,Niger,Tahoua Region,,,NE-5,,ChIJJ4d0ETWyuBERBuBHP2WqUT4,2021-05-22,,,,,-33,
NE,Niger,Tahoua Region,,,NE-5,,ChIJJ4d0ETWyuBERBuBHP2WqUT4,2021-05-24,,,,,-33,
NE,Niger,Tahoua Region,,,NE-5,,ChIJJ4d0ETWyuBERBuBHP2WqUT4,2021-05-25,,,,,-34,
NE,Niger,Tahoua Region,,,NE-5,,ChIJJ4d0ETWyuBERBuBHP2WqUT4,2021-05-26,,,,,-29,
NE,Niger,Tahoua Region,,,NE-5,,ChIJJ4d0ETWyuBERBuBHP2WqUT4,2021-05-27,,,,,-28,
NE,Niger,Tahoua Region,,,NE-5,,ChIJJ4d0ETWyuBERBuBHP2WqUT4,2021-05-28,,,,,-28,
NE,Niger,Tahoua Region,,,NE-5,,ChIJJ4d0ETWyuBERBuBHP2WqUT4,2021-05-29,,,,,-22,
NE,Niger,Tahoua Region,,,NE-5,,ChIJJ4d0ETWyuBERBuBHP2WqUT4,2021-05-31,,,,,-30,
NE,Niger,Tahoua Region,,,NE-5,,ChIJJ4d0ETWyuBERBuBHP2WqUT4,2021-06-01,,,,,-34,
NE,Niger,Tahoua Region,,,NE-5,,ChIJJ4d0ETWyuBERBuBHP2WqUT4,2021-06-02,,,,,-34,
NE,Niger,Tahoua Region,,,NE-5,,ChIJJ4d0ETWyuBERBuBHP2WqUT4,2021-06-03,,,,,-31,
NE,Niger,Tahoua Region,,,NE-5,,ChIJJ4d0ETWyuBERBuBHP2WqUT4,2021-06-04,,,,,-31,
NE,Niger,Tahoua Region,,,NE-5,,ChIJJ4d0ETWyuBERBuBHP2WqUT4,2021-06-05,,,,,-30,
NE,Niger,Tahoua Region,,,NE-5,,ChIJJ4d0ETWyuBERBuBHP2WqUT4,2021-06-07,,,,,-32,
NE,Niger,Tahoua Region,,,NE-5,,ChIJJ4d0ETWyuBERBuBHP2WqUT4,2021-06-08,,,,,-40,
NE,Niger,Tahoua Region,,,NE-5,,ChIJJ4d0ETWyuBERBuBHP2WqUT4,2021-06-09,,,,,-30,
NE,Niger,Tahoua Region,,,NE-5,,ChIJJ4d0ETWyuBERBuBHP2WqUT4,2021-06-10,,,,,-29,
NE,Niger,Tahoua Region,,,NE-5,,ChIJJ4d0ETWyuBERBuBHP2WqUT4,2021-06-11,,,,,-21,
NE,Niger,Tahoua Region,,,NE-5,,ChIJJ4d0ETWyuBERBuBHP2WqUT4,2021-06-14,,,,,-31,
NE,Niger,Tahoua Region,,,NE-5,,ChIJJ4d0ETWyuBERBuBHP2WqUT4,2021-06-15,,,,,-18,
NE,Niger,Tahoua Region,,,NE-5,,ChIJJ4d0ETWyuBERBuBHP2WqUT4,2021-06-16,,,,,-25,
NE,Niger,Tahoua Region,,,NE-5,,ChIJJ4d0ETWyuBERBuBHP2WqUT4,2021-06-17,,,,,-26,
NE,Niger,Tahoua Region,,,NE-5,,ChIJJ4d0ETWyuBERBuBHP2WqUT4,2021-06-18,,,,,-27,
NE,Niger,Tahoua Region,,,NE-5,,ChIJJ4d0ETWyuBERBuBHP2WqUT4,2021-06-19,,,,,-21,
NE,Niger,Tahoua Region,,,NE-5,,ChIJJ4d0ETWyuBERBuBHP2WqUT4,2021-06-21,,,,,-34,
NE,Niger,Tahoua Region,,,NE-5,,ChIJJ4d0ETWyuBERBuBHP2WqUT4,2021-06-22,,,,,-32,
NE,Niger,Tahoua Region,,,NE-5,,ChIJJ4d0ETWyuBERBuBHP2WqUT4,2021-06-23,,,,,-26,
NE,Niger,Tahoua Region,,,NE-5,,ChIJJ4d0ETWyuBERBuBHP2WqUT4,2021-06-24,,,,,-28,
NE,Niger,Zinder Region,,,NE-7,,ChIJmbPPv6s_oRER_5Sb6OW64Es,2021-01-01,,,,,-45,
NE,Niger,Zinder Region,,,NE-7,,ChIJmbPPv6s_oRER_5Sb6OW64Es,2021-01-02,,,,,-25,
NE,Niger,Zinder Region,,,NE-7,,ChIJmbPPv6s_oRER_5Sb6OW64Es,2021-01-03,,,,,-22,
NE,Niger,Zinder Region,,,NE-7,,ChIJmbPPv6s_oRER_5Sb6OW64Es,2021-01-04,,,,,-11,
NE,Niger,Zinder Region,,,NE-7,,ChIJmbPPv6s_oRER_5Sb6OW64Es,2021-01-05,,,,,-9,
NE,Niger,Zinder Region,,,NE-7,,ChIJmbPPv6s_oRER_5Sb6OW64Es,2021-01-06,,,,,-4,
NE,Niger,Zinder Region,,,NE-7,,ChIJmbPPv6s_oRER_5Sb6OW64Es,2021-01-07,,,,,-3,
NE,Niger,Zinder Region,,,NE-7,,ChIJmbPPv6s_oRER_5Sb6OW64Es,2021-01-08,,,,,-10,
NE,Niger,Zinder Region,,,NE-7,,ChIJmbPPv6s_oRER_5Sb6OW64Es,2021-01-09,,,,,-10,
NE,Niger,Zinder Region,,,NE-7,,ChIJmbPPv6s_oRER_5Sb6OW64Es,2021-01-11,,,,,-10,
NE,Niger,Zinder Region,,,NE-7,,ChIJmbPPv6s_oRER_5Sb6OW64Es,2021-01-12,,,,,-7,
NE,Niger,Zinder Region,,,NE-7,,ChIJmbPPv6s_oRER_5Sb6OW64Es,2021-01-13,,,,,-7,
NE,Niger,Zinder Region,,,NE-7,,ChIJmbPPv6s_oRER_5Sb6OW64Es,2021-01-14,,,,,-11,
NE,Niger,Zinder Region,,,NE-7,,ChIJmbPPv6s_oRER_5Sb6OW64Es,2021-01-15,,,,,-17,
NE,Niger,Zinder Region,,,NE-7,,ChIJmbPPv6s_oRER_5Sb6OW64Es,2021-01-16,,,,,-13,
NE,Niger,Zinder Region,,,NE-7,,ChIJmbPPv6s_oRER_5Sb6OW64Es,2021-01-17,,,,,-21,
NE,Niger,Zinder Region,,,NE-7,,ChIJmbPPv6s_oRER_5Sb6OW64Es,2021-01-18,,,,,-19,
NE,Niger,Zinder Region,,,NE-7,,ChIJmbPPv6s_oRER_5Sb6OW64Es,2021-01-19,,,,,-20,
NE,Niger,Zinder Region,,,NE-7,,ChIJmbPPv6s_oRER_5Sb6OW64Es,2021-01-20,,,,,-12,
NE,Niger,Zinder Region,,,NE-7,,ChIJmbPPv6s_oRER_5Sb6OW64Es,2021-01-21,,,,,-13,
NE,Niger,Zinder Region,,,NE-7,,ChIJmbPPv6s_oRER_5Sb6OW64Es,2021-01-22,,,,,-14,
NE,Niger,Zinder Region,,,NE-7,,ChIJmbPPv6s_oRER_5Sb6OW64Es,2021-01-23,,,,,-19,
NE,Niger,Zinder Region,,,NE-7,,ChIJmbPPv6s_oRER_5Sb6OW64Es,2021-01-24,,,,,-22,
NE,Niger,Zinder Region,,,NE-7,,ChIJmbPPv6s_oRER_5Sb6OW64Es,2021-01-25,,,,,-21,
NE,Niger,Zinder Region,,,NE-7,,ChIJmbPPv6s_oRER_5Sb6OW64Es,2021-01-26,,,,,-16,
NE,Niger,Zinder Region,,,NE-7,,ChIJmbPPv6s_oRER_5Sb6OW64Es,2021-01-27,,,,,-3,
NE,Niger,Zinder Region,,,NE-7,,ChIJmbPPv6s_oRER_5Sb6OW64Es,2021-01-28,,,,,-3,
NE,Niger,Zinder Region,,,NE-7,,ChIJmbPPv6s_oRER_5Sb6OW64Es,2021-01-29,,,,,-12,
NE,Niger,Zinder Region,,,NE-7,,ChIJmbPPv6s_oRER_5Sb6OW64Es,2021-01-30,,,,,-13,
NE,Niger,Zinder Region,,,NE-7,,ChIJmbPPv6s_oRER_5Sb6OW64Es,2021-01-31,,,,,-27,
NE,Niger,Zinder Region,,,NE-7,,ChIJmbPPv6s_oRER_5Sb6OW64Es,2021-02-01,,,,,-18,
NE,Niger,Zinder Region,,,NE-7,,ChIJmbPPv6s_oRER_5Sb6OW64Es,2021-02-02,,,,,-17,
NE,Niger,Zinder Region,,,NE-7,,ChIJmbPPv6s_oRER_5Sb6OW64Es,2021-02-03,,,,,-20,
NE,Niger,Zinder Region,,,NE-7,,ChIJmbPPv6s_oRER_5Sb6OW64Es,2021-02-04,,,,,-22,
NE,Niger,Zinder Region,,,NE-7,,ChIJmbPPv6s_oRER_5Sb6OW64Es,2021-02-05,,,,,-22,
NE,Niger,Zinder Region,,,NE-7,,ChIJmbPPv6s_oRER_5Sb6OW64Es,2021-02-06,,,,,-22,
NE,Niger,Zinder Region,,,NE-7,,ChIJmbPPv6s_oRER_5Sb6OW64Es,2021-02-07,,,,,-28,
NE,Niger,Zinder Region,,,NE-7,,ChIJmbPPv6s_oRER_5Sb6OW64Es,2021-02-08,,,,,-23,
NE,Niger,Zinder Region,,,NE-7,,ChIJmbPPv6s_oRER_5Sb6OW64Es,2021-02-09,,,,,-29,
NE,Niger,Zinder Region,,,NE-7,,ChIJmbPPv6s_oRER_5Sb6OW64Es,2021-02-10,,,,,-18,
NE,Niger,Zinder Region,,,NE-7,,ChIJmbPPv6s_oRER_5Sb6OW64Es,2021-02-11,,,,,-20,
NE,Niger,Zinder Region,,,NE-7,,ChIJmbPPv6s_oRER_5Sb6OW64Es,2021-02-12,,,,,-25,
NE,Niger,Zinder Region,,,NE-7,,ChIJmbPPv6s_oRER_5Sb6OW64Es,2021-02-13,,,,,-28,
NE,Niger,Zinder Region,,,NE-7,,ChIJmbPPv6s_oRER_5Sb6OW64Es,2021-02-14,,,,,-24,
NE,Niger,Zinder Region,,,NE-7,,ChIJmbPPv6s_oRER_5Sb6OW64Es,2021-02-15,,,,,-30,
NE,Niger,Zinder Region,,,NE-7,,ChIJmbPPv6s_oRER_5Sb6OW64Es,2021-02-16,,,,,-37,
NE,Niger,Zinder Region,,,NE-7,,ChIJmbPPv6s_oRER_5Sb6OW64Es,2021-02-17,,,,,-18,
NE,Niger,Zinder Region,,,NE-7,,ChIJmbPPv6s_oRER_5Sb6OW64Es,2021-02-18,,,,,-22,
NE,Niger,Zinder Region,,,NE-7,,ChIJmbPPv6s_oRER_5Sb6OW64Es,2021-02-19,,,,,-24,
NE,Niger,Zinder Region,,,NE-7,,ChIJmbPPv6s_oRER_5Sb6OW64Es,2021-02-20,,,,,-23,
NE,Niger,Zinder Region,,,NE-7,,ChIJmbPPv6s_oRER_5Sb6OW64Es,2021-02-21,,,,,-34,
NE,Niger,Zinder Region,,,NE-7,,ChIJmbPPv6s_oRER_5Sb6OW64Es,2021-02-22,,,,,-22,
NE,Niger,Zinder Region,,,NE-7,,ChIJmbPPv6s_oRER_5Sb6OW64Es,2021-02-23,,,,,-25,
NE,Niger,Zinder Region,,,NE-7,,ChIJmbPPv6s_oRER_5Sb6OW64Es,2021-02-24,,,,,-77,
NE,Niger,Zinder Region,,,NE-7,,ChIJmbPPv6s_oRER_5Sb6OW64Es,2021-02-25,,,,,-84,
NE,Niger,Zinder Region,,,NE-7,,ChIJmbPPv6s_oRER_5Sb6OW64Es,2021-03-01,,,,,-83,
NE,Niger,Zinder Region,,,NE-7,,ChIJmbPPv6s_oRER_5Sb6OW64Es,2021-03-02,,,,,-81,
NE,Niger,Zinder Region,,,NE-7,,ChIJmbPPv6s_oRER_5Sb6OW64Es,2021-03-03,,,,,-77,
NE,Niger,Zinder Region,,,NE-7,,ChIJmbPPv6s_oRER_5Sb6OW64Es,2021-03-04,,,,,-73,
NE,Niger,Zinder Region,,,NE-7,,ChIJmbPPv6s_oRER_5Sb6OW64Es,2021-03-05,,,,,-65,
NE,Niger,Zinder Region,,,NE-7,,ChIJmbPPv6s_oRER_5Sb6OW64Es,2021-03-06,,,,,-39,
NE,Niger,Zinder Region,,,NE-7,,ChIJmbPPv6s_oRER_5Sb6OW64Es,2021-03-07,,,,,-37,
NE,Niger,Zinder Region,,,NE-7,,ChIJmbPPv6s_oRER_5Sb6OW64Es,2021-03-08,,,,,-28,
NE,Niger,Zinder Region,,,NE-7,,ChIJmbPPv6s_oRER_5Sb6OW64Es,2021-03-09,,,,,-20,
NE,Niger,Zinder Region,,,NE-7,,ChIJmbPPv6s_oRER_5Sb6OW64Es,2021-03-10,,,,,-20,
NE,Niger,Zinder Region,,,NE-7,,ChIJmbPPv6s_oRER_5Sb6OW64Es,2021-03-11,,,,,-24,
NE,Niger,Zinder Region,,,NE-7,,ChIJmbPPv6s_oRER_5Sb6OW64Es,2021-03-12,,,,,-28,
NE,Niger,Zinder Region,,,NE-7,,ChIJmbPPv6s_oRER_5Sb6OW64Es,2021-03-13,,,,,-16,
NE,Niger,Zinder Region,,,NE-7,,ChIJmbPPv6s_oRER_5Sb6OW64Es,2021-03-14,,,,,-39,
NE,Niger,Zinder Region,,,NE-7,,ChIJmbPPv6s_oRER_5Sb6OW64Es,2021-03-15,,,,,-29,
NE,Niger,Zinder Region,,,NE-7,,ChIJmbPPv6s_oRER_5Sb6OW64Es,2021-03-16,,,,,-30,
NE,Niger,Zinder Region,,,NE-7,,ChIJmbPPv6s_oRER_5Sb6OW64Es,2021-03-17,,,,,-23,
NE,Niger,Zinder Region,,,NE-7,,ChIJmbPPv6s_oRER_5Sb6OW64Es,2021-03-18,,,,,-23,
NE,Niger,Zinder Region,,,NE-7,,ChIJmbPPv6s_oRER_5Sb6OW64Es,2021-03-19,,,,,-21,
NE,Niger,Zinder Region,,,NE-7,,ChIJmbPPv6s_oRER_5Sb6OW64Es,2021-03-20,,,,,-24,
NE,Niger,Zinder Region,,,NE-7,,ChIJmbPPv6s_oRER_5Sb6OW64Es,2021-03-21,,,,,-24,
NE,Niger,Zinder Region,,,NE-7,,ChIJmbPPv6s_oRER_5Sb6OW64Es,2021-03-22,,,,,-25,
NE,Niger,Zinder Region,,,NE-7,,ChIJmbPPv6s_oRER_5Sb6OW64Es,2021-03-23,,,,,-24,
NE,Niger,Zinder Region,,,NE-7,,ChIJmbPPv6s_oRER_5Sb6OW64Es,2021-03-24,,,,,-23,
NE,Niger,Zinder Region,,,NE-7,,ChIJmbPPv6s_oRER_5Sb6OW64Es,2021-03-25,,,,,-36,
NE,Niger,Zinder Region,,,NE-7,,ChIJmbPPv6s_oRER_5Sb6OW64Es,2021-03-26,,,,,-37,
NE,Niger,Zinder Region,,,NE-7,,ChIJmbPPv6s_oRER_5Sb6OW64Es,2021-03-27,,,,,-34,
NE,Niger,Zinder Region,,,NE-7,,ChIJmbPPv6s_oRER_5Sb6OW64Es,2021-03-28,,,,,-36,
NE,Niger,Zinder Region,,,NE-7,,ChIJmbPPv6s_oRER_5Sb6OW64Es,2021-03-29,,,,,-40,
NE,Niger,Zinder Region,,,NE-7,,ChIJmbPPv6s_oRER_5Sb6OW64Es,2021-03-30,,,,,-38,
NE,Niger,Zinder Region,,,NE-7,,ChIJmbPPv6s_oRER_5Sb6OW64Es,2021-03-31,,,,,-36,
NE,Niger,Zinder Region,,,NE-7,,ChIJmbPPv6s_oRER_5Sb6OW64Es,2021-04-01,,,,,-35,
NE,Niger,Zinder Region,,,NE-7,,ChIJmbPPv6s_oRER_5Sb6OW64Es,2021-04-02,,,,,-39,
NE,Niger,Zinder Region,,,NE-7,,ChIJmbPPv6s_oRER_5Sb6OW64Es,2021-04-03,,,,,-36,
NE,Niger,Zinder Region,,,NE-7,,ChIJmbPPv6s_oRER_5Sb6OW64Es,2021-04-04,,,,,-27,
NE,Niger,Zinder Region,,,NE-7,,ChIJmbPPv6s_oRER_5Sb6OW64Es,2021-04-05,,,,,-49,
NE,Niger,Zinder Region,,,NE-7,,ChIJmbPPv6s_oRER_5Sb6OW64Es,2021-04-06,,,,,-34,
NE,Niger,Zinder Region,,,NE-7,,ChIJmbPPv6s_oRER_5Sb6OW64Es,2021-04-07,,,,,-21,
NE,Niger,Zinder Region,,,NE-7,,ChIJmbPPv6s_oRER_5Sb6OW64Es,2021-04-08,,,,,-15,
NE,Niger,Zinder Region,,,NE-7,,ChIJmbPPv6s_oRER_5Sb6OW64Es,2021-04-09,,,,,-20,
NE,Niger,Zinder Region,,,NE-7,,ChIJmbPPv6s_oRER_5Sb6OW64Es,2021-04-10,,,,,-30,
NE,Niger,Zinder Region,,,NE-7,,ChIJmbPPv6s_oRER_5Sb6OW64Es,2021-04-11,,,,,-30,
NE,Niger,Zinder Region,,,NE-7,,ChIJmbPPv6s_oRER_5Sb6OW64Es,2021-04-12,,,,,-25,
NE,Niger,Zinder Region,,,NE-7,,ChIJmbPPv6s_oRER_5Sb6OW64Es,2021-04-13,,,,,-27,
NE,Niger,Zinder Region,,,NE-7,,ChIJmbPPv6s_oRER_5Sb6OW64Es,2021-04-14,,,,,-28,
NE,Niger,Zinder Region,,,NE-7,,ChIJmbPPv6s_oRER_5Sb6OW64Es,2021-04-15,,,,,-19,
NE,Niger,Zinder Region,,,NE-7,,ChIJmbPPv6s_oRER_5Sb6OW64Es,2021-04-16,,,,,-16,
NE,Niger,Zinder Region,,,NE-7,,ChIJmbPPv6s_oRER_5Sb6OW64Es,2021-04-17,,,,,-19,
NE,Niger,Zinder Region,,,NE-7,,ChIJmbPPv6s_oRER_5Sb6OW64Es,2021-04-18,,,,,-18,
NE,Niger,Zinder Region,,,NE-7,,ChIJmbPPv6s_oRER_5Sb6OW64Es,2021-04-19,,,,,-17,
NE,Niger,Zinder Region,,,NE-7,,ChIJmbPPv6s_oRER_5Sb6OW64Es,2021-04-20,,,,,-16,
NE,Niger,Zinder Region,,,NE-7,,ChIJmbPPv6s_oRER_5Sb6OW64Es,2021-04-21,,,,,-14,
NE,Niger,Zinder Region,,,NE-7,,ChIJmbPPv6s_oRER_5Sb6OW64Es,2021-04-22,,,,,-16,
NE,Niger,Zinder Region,,,NE-7,,ChIJmbPPv6s_oRER_5Sb6OW64Es,2021-04-23,,,,,-21,
NE,Niger,Zinder Region,,,NE-7,,ChIJmbPPv6s_oRER_5Sb6OW64Es,2021-04-24,,,,,-31,
NE,Niger,Zinder Region,,,NE-7,,ChIJmbPPv6s_oRER_5Sb6OW64Es,2021-04-25,,,,,-22,
NE,Niger,Zinder Region,,,NE-7,,ChIJmbPPv6s_oRER_5Sb6OW64Es,2021-04-26,,,,,-26,
NE,Niger,Zinder Region,,,NE-7,,ChIJmbPPv6s_oRER_5Sb6OW64Es,2021-04-27,,,,,-17,
NE,Niger,Zinder Region,,,NE-7,,ChIJmbPPv6s_oRER_5Sb6OW64Es,2021-04-28,,,,,-26,
NE,Niger,Zinder Region,,,NE-7,,ChIJmbPPv6s_oRER_5Sb6OW64Es,2021-04-29,,,,,-23,
NE,Niger,Zinder Region,,,NE-7,,ChIJmbPPv6s_oRER_5Sb6OW64Es,2021-04-30,,,,,-27,
NE,Niger,Zinder Region,,,NE-7,,ChIJmbPPv6s_oRER_5Sb6OW64Es,2021-05-01,,,,,-27,
NE,Niger,Zinder Region,,,NE-7,,ChIJmbPPv6s_oRER_5Sb6OW64Es,2021-05-02,,,,,-20,
NE,Niger,Zinder Region,,,NE-7,,ChIJmbPPv6s_oRER_5Sb6OW64Es,2021-05-03,,,,,-21,
NE,Niger,Zinder Region,,,NE-7,,ChIJmbPPv6s_oRER_5Sb6OW64Es,2021-05-04,,,,,-21,
NE,Niger,Zinder Region,,,NE-7,,ChIJmbPPv6s_oRER_5Sb6OW64Es,2021-05-05,,,,,-21,
NE,Niger,Zinder Region,,,NE-7,,ChIJmbPPv6s_oRER_5Sb6OW64Es,2021-05-06,,,,,-21,
NE,Niger,Zinder Region,,,NE-7,,ChIJmbPPv6s_oRER_5Sb6OW64Es,2021-05-07,,,,,-24,
NE,Niger,Zinder Region,,,NE-7,,ChIJmbPPv6s_oRER_5Sb6OW64Es,2021-05-08,,,,,-17,
NE,Niger,Zinder Region,,,NE-7,,ChIJmbPPv6s_oRER_5Sb6OW64Es,2021-05-09,,,,,-27,
NE,Niger,Zinder Region,,,NE-7,,ChIJmbPPv6s_oRER_5Sb6OW64Es,2021-05-10,,,,,-27,
NE,Niger,Zinder Region,,,NE-7,,ChIJmbPPv6s_oRER_5Sb6OW64Es,2021-05-11,,,,,-29,
NE,Niger,Zinder Region,,,NE-7,,ChIJmbPPv6s_oRER_5Sb6OW64Es,2021-05-12,,,,,-63,
NE,Niger,Zinder Region,,,NE-7,,ChIJmbPPv6s_oRER_5Sb6OW64Es,2021-05-13,,,,,-44,
NE,Niger,Zinder Region,,,NE-7,,ChIJmbPPv6s_oRER_5Sb6OW64Es,2021-05-14,,,,,-32,
NE,Niger,Zinder Region,,,NE-7,,ChIJmbPPv6s_oRER_5Sb6OW64Es,2021-05-15,,,,,-19,
NE,Niger,Zinder Region,,,NE-7,,ChIJmbPPv6s_oRER_5Sb6OW64Es,2021-05-16,,,,,-26,
NE,Niger,Zinder Region,,,NE-7,,ChIJmbPPv6s_oRER_5Sb6OW64Es,2021-05-17,,,,,-14,
NE,Niger,Zinder Region,,,NE-7,,ChIJmbPPv6s_oRER_5Sb6OW64Es,2021-05-18,,,,,-20,
NE,Niger,Zinder Region,,,NE-7,,ChIJmbPPv6s_oRER_5Sb6OW64Es,2021-05-19,,,,,-20,
NE,Niger,Zinder Region,,,NE-7,,ChIJmbPPv6s_oRER_5Sb6OW64Es,2021-05-20,,,,,-19,
NE,Niger,Zinder Region,,,NE-7,,ChIJmbPPv6s_oRER_5Sb6OW64Es,2021-05-21,,,,,-20,
NE,Niger,Zinder Region,,,NE-7,,ChIJmbPPv6s_oRER_5Sb6OW64Es,2021-05-22,,,,,-22,
NE,Niger,Zinder Region,,,NE-7,,ChIJmbPPv6s_oRER_5Sb6OW64Es,2021-05-24,,,,,-25,
NE,Niger,Zinder Region,,,NE-7,,ChIJmbPPv6s_oRER_5Sb6OW64Es,2021-05-25,,,,,-26,
NE,Niger,Zinder Region,,,NE-7,,ChIJmbPPv6s_oRER_5Sb6OW64Es,2021-05-26,,,,,-22,
NE,Niger,Zinder Region,,,NE-7,,ChIJmbPPv6s_oRER_5Sb6OW64Es,2021-05-27,,,,,-15,
NE,Niger,Zinder Region,,,NE-7,,ChIJmbPPv6s_oRER_5Sb6OW64Es,2021-05-28,,,,,-22,
NE,Niger,Zinder Region,,,NE-7,,ChIJmbPPv6s_oRER_5Sb6OW64Es,2021-05-29,,,,,-19,
NE,Niger,Zinder Region,,,NE-7,,ChIJmbPPv6s_oRER_5Sb6OW64Es,2021-05-30,,,,,-24,
NE,Niger,Zinder Region,,,NE-7,,ChIJmbPPv6s_oRER_5Sb6OW64Es,2021-05-31,,,,,-22,
NE,Niger,Zinder Region,,,NE-7,,ChIJmbPPv6s_oRER_5Sb6OW64Es,2021-06-01,,,,,-29,
NE,Niger,Zinder Region,,,NE-7,,ChIJmbPPv6s_oRER_5Sb6OW64Es,2021-06-02,,,,,-24,
NE,Niger,Zinder Region,,,NE-7,,ChIJmbPPv6s_oRER_5Sb6OW64Es,2021-06-03,,,,,-19,
NE,Niger,Zinder Region,,,NE-7,,ChIJmbPPv6s_oRER_5Sb6OW64Es,2021-06-04,,,,,-21,
NE,Niger,Zinder Region,,,NE-7,,ChIJmbPPv6s_oRER_5Sb6OW64Es,2021-06-05,,,,,-21,
NE,Niger,Zinder Region,,,NE-7,,ChIJmbPPv6s_oRER_5Sb6OW64Es,2021-06-06,,,,,-20,
NE,Niger,Zinder Region,,,NE-7,,ChIJmbPPv6s_oRER_5Sb6OW64Es,2021-06-07,,,,,-22,
NE,Niger,Zinder Region,,,NE-7,,ChIJmbPPv6s_oRER_5Sb6OW64Es,2021-06-08,,,,,-34,
NE,Niger,Zinder Region,,,NE-7,,ChIJmbPPv6s_oRER_5Sb6OW64Es,2021-06-09,,,,,-17,
NE,Niger,Zinder Region,,,NE-7,,ChIJmbPPv6s_oRER_5Sb6OW64Es,2021-06-10,,,,,-17,
NE,Niger,Zinder Region,,,NE-7,,ChIJmbPPv6s_oRER_5Sb6OW64Es,2021-06-11,,,,,-17,
NE,Niger,Zinder Region,,,NE-7,,ChIJmbPPv6s_oRER_5Sb6OW64Es,2021-06-12,,,,,-19,
NE,Niger,Zinder Region,,,NE-7,,ChIJmbPPv6s_oRER_5Sb6OW64Es,2021-06-13,,,,,-18,
NE,Niger,Zinder Region,,,NE-7,,ChIJmbPPv6s_oRER_5Sb6OW64Es,2021-06-14,,,,,-20,
NE,Niger,Zinder Region,,,NE-7,,ChIJmbPPv6s_oRER_5Sb6OW64Es,2021-06-15,,,,,-17,
NE,Niger,Zinder Region,,,NE-7,,ChIJmbPPv6s_oRER_5Sb6OW64Es,2021-06-16,,,,,-16,
NE,Niger,Zinder Region,,,NE-7,,ChIJmbPPv6s_oRER_5Sb6OW64Es,2021-06-17,,,,,-24,
NE,Niger,Zinder Region,,,NE-7,,ChIJmbPPv6s_oRER_5Sb6OW64Es,2021-06-18,,,,,-20,
NE,Niger,Zinder Region,,,NE-7,,ChIJmbPPv6s_oRER_5Sb6OW64Es,2021-06-19,,,,,-20,
NE,Niger,Zinder Region,,,NE-7,,ChIJmbPPv6s_oRER_5Sb6OW64Es,2021-06-20,,,,,-22,
NE,Niger,Zinder Region,,,NE-7,,ChIJmbPPv6s_oRER_5Sb6OW64Es,2021-06-21,,,,,-31,
NE,Niger,Zinder Region,,,NE-7,,ChIJmbPPv6s_oRER_5Sb6OW64Es,2021-06-22,,,,,-23,
NE,Niger,Zinder Region,,,NE-7,,ChIJmbPPv6s_oRER_5Sb6OW64Es,2021-06-23,,,,,-19,
NE,Niger,Zinder Region,,,NE-7,,ChIJmbPPv6s_oRER_5Sb6OW64Es,2021-06-24,,,,,-18,
